time,co2,RMS,power1,power2,power3,power4,power5,power6,OCCUPANCY,corridor,Temperature,OUTDOOR_TEMPERATURE,Door_contact,window,labels
0,410,0.0135,13,0,0,116,0,0,0,430,22.4,17.88,0,0,0
600,400,0.0135,13,0,0,116,0,0,0,430,22.4,17.88,0,0,0
1200,410,0.0135,13,0,0,116,0,0,0,430,22.4,17.88,0,0,0
1800,410,0.0135,13,0,0,116,0,0,0,430,22.4,17.88,0,0,0
2400,410,0.0134,13,0,0,115,0,0,0,430,22.4,17.88,0,0,0
3000,410,0.0134,13,0,0,116,0,0,0,430,22.4,17.88,0,0,0
3600,410,0.0134,13,0,0,116,0,0,0,430,22.4,17.88,0,0,0
4200,410,0.0133,13,0,0,115,0,0,0,430,22.4,17.88,0,0,0
4800,410,0.0133,13,0,0,115,0,0,0,430,22.4,17.88,0,0,0
5400,410,0.0133,13,0,0,115,0,0,0,430,22.4,17.88,0,0,0
6000,410,0.0132,13,0,0,115,0,0,0,430,22.4,17.88,0,0,0
6600,410,0.0132,13,0,0,115,0,0,0,430,22.4,17.88,0,0,0
7200,410,0.0132,13,0,0,115,0,0,0,430,22.4,17.88,0,0,0
7800,420,0.0131,13,0,0,115,0,0,0,430,22.4,17.88,0,0,0
8400,420,0.0131,13,0,0,115,0,0,0,430,22.4,17.88,0,0,0
9000,420,0.0131,13,0,0,115,0,0,0,430,22.4,17.88,0,0,0
9600,420,0.013,13,0,0,115,0,0,0,430,22.4,17.88,0,0,0
10200,420,0.013,13,0,0,115,0,0,0,440,22.4,17.88,0,0,0
10800,420,0.013,13,0,0,115,0,0,0,440,22.4,17.88,0,0,0
11400,420,0.0129,13,0,0,115,0,0,0,440,22.2,17.88,0,0,0
12000,420,0.0129,13,0,0,115,0,0,0,440,22.4,17.88,0,0,0
12600,420,0.0129,13,0,0,116,0,0,0,450,22.2,17.88,0,0,0
13200,420,0.0128,13,0,0,116,0,0,0,450,22.4,17.88,0,0,0
13800,420,0.0128,13,0,0,114,0,0,0,450,22.4,17.88,0,0,0
14400,420,0.0128,13,0,0,115,0,0,0,450,22.4,17.88,0,0,0
15000,420,0.0127,13,0,0,115,0,0,0,450,22.4,17.88,0,0,0
15600,420,0.0127,13,0,0,115,0,0,0,450,22.2,17.88,0,0,0
16200,420,0.0127,13,0,0,115,0,0,0,450,22.4,17.88,0,0,0
16800,420,0.0131,13,0,0,116,0,0,0,450,22.2,17.88,0,0,0
17400,420,0.0131,13,0,0,116,0,0,0,450,22.4,17.88,0,0,0
18000,420,0.0131,13,0,0,115,0,0,0,450,22.2,17.88,0,0,0
18600,420,0.0131,13,0,0,115,0,0,0,450,22.4,17.88,0,0,0
19200,420,0.0131,13,0,0,115,0,0,0,450,22.2,17.88,0,0,0
19800,420,0.0131,13,0,0,115,0,0,1,460,22.2,17.88,0,0,0
20400,430,0.0131,13,0,0,114,0,0,0,460,22.2,17.88,0,0,0
21000,430,0.0131,13,0,0,114,0,0,0,470,22.2,17.88,0,0,0
21600,430,0.0131,13,0,0,114,0,0,0,510,22.4,17.88,1,0,0
22200,430,0.0134,13,0,0,114,0,0,1,500,22.4,17.88,1,0,0
22800,430,0.0134,13,0,0,214,0,0,1,490,22.4,17.88,1,0,0
23400,470,0.0134,13,0,0,207,0,0,1,490,22.4,16.94,1,0,0
24000,480,0.0133,13,0,0,224,23,23,1,500,22.6,16.94,1,0,0
24600,540,0.0133,13,0,0,235,22,22,1,510,22.6,16.94,0,0,0
25200,650,0.0133,13,0,0,253,18,18,0,600,22.6,16.94,0,0,0
25800,660,0.0135,13,0,0,250,19,19,1,660,22.6,16.94,0,0,0
26400,680,0.0135,13,0,0,224,18,18,0,640,22.8,16.94,0,0,0
27000,700,0.0135,13,0,0,224,21,21,1,620,22.8,16.94,0,0,0
27600,710,0.0137,13,0,0,224,23,23,1,690,23,16.94,0,0,0
28200,710,0.0137,13,0,0,217,24,24,0,700,23,16.94,0,0,0
28800,900,0.0137,13,0,0,221,29,29,0,770,23,17.88,0,0,0
29400,910,0.0227,13,0,0,207,26,26,0,830,23,17.88,0,0,0
30000,940,0.0227,13,0,0,203,20,20,0,810,23.2,17.88,0,0,0
30600,880,0.0227,13,0,0,198,21,21,0,850,23.2,17.88,0,0,0
31200,880,0.0116,13,0,0,213,21,21,0,830,23.2,17.88,1,0,0
31800,890,0.0116,13,0,0,198,19,19,0,900,23.2,17.88,0,0,0
32400,780,0.0116,13,0,0,208,21,21,0,920,23.2,17.88,0,0,0
33000,860,0.0254,13,0,0,207,21,21,1,980,23.2,18.82,0,0,0
33600,900,0.0254,13,0,0,200,23,23,0,1020,23.2,18.82,0,0,0
34200,910,0.0254,13,0,0,198,19,19,0,1100,23.2,18.82,0,0,0
34800,920,0.0502,13,0,0,210,17,17,0,1100,23.4,18.82,1,0,2
35400,990,0.0502,13,0,0,213,30,30,1,1140,23.4,18.82,0,0,2
36000,1010,0.0502,13,0,0,217,30,30,0,1130,23.4,18.82,0,0,2
36600,1040,0.0279,13,0,0,212,29,29,1,1050,23.4,19.76,0,0,1
37200,1070,0.0279,13,0,0,207,25,25,1,1160,23.4,19.76,1,0,1
37800,1070,0.0279,13,0,0,204,22,22,1,1150,23.4,20.71,0,0,1
38400,1060,0.04,72,25,0,204,25,25,1,1140,23.8,21.65,0,1,2
39000,1070,0.04,75,29,0,204,26,26,1,1180,24,21.65,1,1,2
39600,1010,0.04,74,26,0,205,24,24,1,1190,24,21.65,1,1,2
40200,800,0.01,69,24,0,201,24,24,1,1130,24.2,20.71,0,1,1
40800,810,0.01,70,27,0,224,23,23,1,1080,24.4,20.71,0,1,1
41400,810,0.01,68,24,0,451,21,21,1,1070,24.6,20.71,0,1,1
42000,730,0.0089,56,24,0,430,24,24,1,1040,25.2,20.71,0,1,0
42600,830,0.0089,56,14,0,427,21,21,1,1010,25,20.71,0,1,0
43200,810,0.0089,56,14,0,422,31,31,0,990,25.2,20.71,0,1,0
43800,640,0.011,29,14,0,412,21,21,1,940,25.6,19.76,0,1,0
44400,740,0.011,75,29,0,404,20,20,1,930,25.8,19.76,0,1,0
45000,590,0.011,78,28,0,429,24,24,1,920,25.8,20.71,0,1,0
45600,780,0.01,85,26,0,406,20,20,1,880,25.4,21.65,0,1,1
46200,580,0.01,69,30,0,395,21,21,0,900,26,21.65,1,1,1
46800,600,0.01,70,28,0,400,26,26,1,890,25.4,21.65,0,1,1
47400,650,0.0172,67,28,0,413,20,20,1,920,25.4,21.65,0,1,1
48000,520,0.0172,70,26,0,411,23,23,1,910,26,24.94,0,1,1
48600,700,0.0172,80,26,0,411,30,30,1,890,26,26.82,1,1,1
49200,560,0.0386,65,26,0,413,20,20,1,850,26,25.88,0,1,2
49800,740,0.0386,66,27,0,423,22,22,0,840,25.4,26.82,0,1,2
50400,640,0.0386,71,28,0,409,22,22,1,820,25.8,27.76,0,1,2
51000,750,0.0661,65,28,0,410,24,24,1,760,25.8,27.76,0,1,3
51600,670,0.0661,72,28,0,408,21,21,1,750,26,28.71,1,1,3
52200,600,0.0661,70,26,0,406,18,18,1,740,26,28.71,0,1,3
52800,720,0.0661,66,27,0,403,23,23,1,780,26,28.71,0,1,4
53400,640,0.0661,30,16,0,409,26,26,1,810,25.6,26.82,0,1,4
54000,650,0.0558,69,30,0,393,24,24,1,750,26,25.88,0,1,4
54600,490,0.0558,71,45,0,357,22,22,0,750,26.2,24.94,0,1,4
55200,510,0.0558,67,31,0,354,0,0,0,750,26.2,24,0,1,4
55800,520,0.0356,68,33,0,371,0,0,0,680,25.8,24,0,1,2
56400,520,0.0356,68,27,0,355,0,0,0,700,25.6,24,0,1,2
57000,450,0.0356,83,46,0,354,0,0,0,680,26.2,24,0,1,2
57600,500,0.0207,68,31,0,354,0,0,0,660,25.4,24.94,0,1,2
58200,430,0.0207,69,26,0,354,0,0,0,600,25.8,24.94,0,0,2
58800,470,0.0207,14,0,0,353,0,0,0,570,25.6,25.88,0,0,2
59400,510,0.031,13,0,0,353,0,0,0,570,25.8,24.94,0,0,3
60000,480,0.031,13,0,0,354,0,0,0,560,25.8,24.94,0,0,3
60600,490,0.031,13,0,0,352,0,0,0,560,25.8,24.94,0,0,3
61200,480,0.0493,13,0,0,352,0,0,0,570,25.8,24.94,0,0,3
61800,480,0.0493,13,0,0,354,0,0,0,580,25.8,24.94,0,0,3
62400,480,0.0493,13,0,0,352,0,0,0,570,25.8,24.94,0,0,3
63000,510,0.016,13,0,0,352,0,0,0,560,25.8,24.94,0,0,2
63600,440,0.016,13,0,0,352,0,0,0,540,25.8,24,0,0,2
64200,440,0.016,13,0,0,352,0,0,0,530,25.6,24,0,0,2
64800,430,0.0328,13,0,0,353,0,0,0,520,25.8,24,0,0,2
65400,440,0.0328,13,0,0,352,0,0,0,530,25.6,24,0,0,2
66000,430,0.0328,13,0,0,351,0,0,0,530,25.6,24,0,0,2
66600,440,0.0261,13,0,0,351,0,0,0,550,25.6,22.59,0,0,1
67200,420,0.0261,13,0,0,352,0,0,0,530,25.6,22.59,0,0,1
67800,430,0.0261,13,0,0,352,0,0,0,550,25.6,22.59,0,0,1
68400,430,0.0109,13,0,0,352,0,0,0,550,25.6,22.59,0,0,1
69000,430,0.0109,13,0,0,351,0,0,0,550,25.6,22.59,0,0,1
69600,400,0.0109,13,0,0,351,0,0,0,550,25.6,22.59,0,0,1
70200,420,0.0011,13,0,0,351,0,0,0,550,25.6,22.59,0,0,0
70800,430,0.0011,13,0,0,353,0,0,0,540,25.6,22.59,0,0,0
71400,430,0.0011,13,0,0,353,0,0,0,540,25.6,22.59,0,0,0
72000,430,0.001,13,0,0,353,0,0,0,540,25.6,22.59,0,0,0
72600,430,0.001,13,0,0,353,0,0,0,540,25.6,22.59,0,0,0
73200,430,0.001,13,0,0,353,0,0,0,540,25.6,21.65,0,0,0
73800,430,0.001,13,0,0,353,0,0,0,540,25.6,21.65,0,0,0
74400,430,0.001,13,0,0,353,0,0,0,540,25.6,21.65,0,0,0
75000,430,0.001,13,0,0,353,0,0,0,540,25.6,21.65,0,0,0
75600,430,0.001,13,0,0,353,0,0,0,540,25.6,21.65,0,0,0
76200,430,0.001,13,0,0,353,0,0,0,540,25.6,21.65,0,0,0
76800,430,0.001,13,0,0,353,0,0,0,540,25.6,21.65,0,0,0
77400,430,0.001,13,0,0,353,0,0,0,540,25.6,20.71,0,0,0
78000,430,0.001,13,0,0,353,0,0,0,540,25.6,20.71,0,0,0
78600,430,0.001,13,0,0,353,0,0,0,540,25.6,20.71,0,0,0
79200,430,0.001,13,0,0,353,0,0,0,540,25.6,20.71,0,0,0
79800,430,0.001,13,0,0,353,0,0,0,540,25.6,20.71,0,0,0
80400,430,0.001,13,0,0,353,0,0,0,540,25.6,20.71,0,0,0
81000,430,0.001,13,0,0,353,0,0,0,540,25.6,20.71,0,0,0
81600,430,0.001,13,0,0,353,0,0,0,540,25.6,20.71,0,0,0
82200,430,0.001,13,0,0,353,0,0,0,540,25.6,20.71,0,0,0
82800,430,0.001,13,0,0,353,0,0,0,540,25.6,20.71,0,0,0
83400,430,0.001,13,0,0,353,0,0,0,540,25.6,20.71,0,0,0
84000,430,0.001,13,0,0,353,0,0,0,540,25.6,20.71,0,0,0
84600,430,0.001,13,0,0,353,0,0,0,540,25.6,20.71,0,0,0
85200,430,0.001,13,0,0,353,0,0,0,540,25.6,20.71,0,0,0
85800,430,0.001,13,0,0,353,0,0,0,540,25.6,20.71,0,0,0
86400,430,0.001,13,0,0,353,0,0,0,540,25.6,19.76,0,0,0
87000,390,0.001,13,0,0,352,0,0,0,450,25.4,19.76,0,0,0
87600,400,0.001,13,0,0,352,0,0,0,440,25.4,19.76,0,0,0
88200,390,0.001,13,0,0,352,0,0,0,430,25.4,19.76,0,0,0
88800,400,0.001,13,0,0,352,0,0,0,440,25.4,19.76,0,0,0
89400,390,0.001,13,0,0,353,0,0,0,440,25.4,19.76,0,0,0
90000,400,0.001,13,0,0,353,0,0,0,430,25.2,19.76,0,0,0
90600,390,0.001,13,0,0,353,0,0,0,440,25.4,19.76,0,0,0
91200,400,0.001,13,0,0,353,0,0,0,430,25.2,19.76,0,0,0
91800,390,0.001,13,0,0,354,0,0,0,430,25.4,19.76,0,0,0
92400,390,0.001,13,0,0,351,0,0,0,430,25.2,19.76,0,0,0
93000,390,0.001,13,0,0,352,0,0,0,430,25.2,19.76,0,0,0
93600,400,0.001,13,0,0,354,0,0,0,430,25.2,19.76,0,0,0
94200,390,0.001,13,0,0,354,0,0,0,430,25.2,19.76,0,0,0
94800,400,0.001,13,0,0,352,0,0,0,440,25.2,19.76,0,0,0
95400,390,0.001,13,0,0,353,0,0,0,450,25.2,19.76,0,0,0
96000,390,0.001,13,0,0,354,0,0,0,440,25.2,18.82,0,0,0
96600,390,0.001,13,0,0,354,0,0,0,430,25.2,19.76,0,0,0
97200,390,0.001,13,0,0,353,0,0,0,430,25.2,18.82,0,0,0
97800,390,0.001,13,0,0,354,0,0,0,430,25.2,18.82,0,0,0
98400,390,0.001,13,0,0,353,0,0,0,420,25.2,18.82,0,0,0
99000,400,0.001,13,0,0,355,0,0,0,450,25.2,18.82,0,0,0
99600,410,0.001,13,0,0,353,0,0,0,440,25.2,18.82,0,0,0
100200,410,0.001,13,0,0,354,0,0,0,440,25.2,18.82,0,0,0
100800,410,0.001,13,0,0,354,0,0,0,450,25.2,18.82,0,0,0
101400,400,0.001,13,0,0,354,0,0,0,430,25.2,18.82,0,0,0
102000,400,0.001,13,0,0,354,0,0,0,440,25.2,18.82,0,0,0
102600,400,0.001,13,0,0,356,0,0,0,430,25.2,18.82,0,0,0
103200,410,0.001,13,0,0,354,0,0,0,430,25.2,18.82,0,0,0
103800,420,0.001,13,0,0,354,0,0,0,430,25.2,18.82,0,0,0
104400,390,0.001,13,0,0,371,0,0,0,430,25.2,18.82,0,0,0
105000,420,0.001,13,0,0,354,0,0,0,430,25.2,18.82,0,0,0
105600,410,0.001,13,0,0,356,0,0,0,430,25.2,18.82,0,0,0
106200,420,0.001,13,0,0,358,0,0,0,430,25.2,18.82,0,0,0
106800,420,0.001,13,0,0,355,0,0,0,440,25.2,18.82,0,0,0
107400,410,0.001,13,0,0,354,0,0,0,460,25.2,18.82,1,0,0
108000,420,0.001,13,0,0,423,0,0,1,470,25.2,18.82,1,0,0
108600,480,0.001,13,0,0,417,48,48,1,470,25,18.82,1,0,0
109200,490,0.001,13,0,0,413,40,40,0,500,25,18.82,1,0,0
109800,470,0.001,13,0,0,399,26,26,0,510,25.2,18.82,1,0,0
110400,510,0.001,13,0,0,405,29,29,1,520,25,18.82,1,0,0
111000,510,0.001,13,0,0,400,40,40,1,530,25.2,18.82,0,0,0
111600,510,0.001,13,0,0,406,25,25,0,550,25.2,18.82,0,0,0
112200,520,0.001,13,0,0,405,31,31,0,560,25.2,18.82,0,0,0
112800,570,0.001,13,0,0,406,32,32,0,520,25.4,18.82,0,0,0
113400,510,0.001,13,0,0,401,29,29,0,550,25.4,18.82,0,0,0
114000,600,0.001,13,0,0,403,28,28,1,590,25.4,18.82,0,0,0
114600,510,0.001,13,0,0,452,23,23,1,600,25.6,18.82,0,0,0
115200,640,0.001,13,0,0,441,21,21,1,650,25.8,18.82,1,0,0
115800,720,0.001,13,0,0,435,21,21,1,610,25.8,18.82,1,0,0
116400,710,0.001,63,23,0,430,18,18,1,660,25.8,18.82,0,0,0
117000,810,0.001,61,23,0,427,20,20,1,720,26,18.82,0,0,0
117600,900,0.001,72,27,0,434,24,24,1,770,26,18.82,0,0,0
118200,890,0.001,62,27,0,470,30,30,1,720,26.4,18.82,0,0,0
118800,1010,0.001,61,25,0,449,19,19,1,720,26.4,18.82,0,0,0
119400,1310,0.0196,65,26,0,452,23,23,1,750,26.4,18.82,0,0,1
120000,1210,0.0196,63,29,0,432,19,19,1,760,26.4,18.82,0,0,1
120600,1130,0.0196,59,25,0,424,23,23,0,890,26.4,19.76,0,0,1
121200,940,0.0426,60,25,0,403,18,18,0,1140,26.4,19.76,0,0,1
121800,1090,0.0426,60,26,0,404,22,22,0,1140,26.4,19.76,0,0,1
122400,1210,0.0426,24,15,0,403,21,21,0,1130,26.2,19.76,0,0,1
123000,1290,0.0173,24,15,0,402,21,21,1,1080,26,19.76,1,0,1
123600,1240,0.0173,24,15,0,402,21,21,0,790,26,19.76,1,0,1
124200,1070,0.0173,60,24,0,397,22,22,1,990,25.6,19.76,0,0,1
124800,890,0.0259,62,24,0,440,16,16,1,930,25.4,19.76,0,0,2
125400,990,0.0259,14,0,0,427,24,24,1,960,25.8,19.76,0,0,2
126000,1070,0.0259,13,0,0,436,37,37,1,920,26.2,19.76,0,0,2
126600,1160,0.0346,13,0,0,438,27,27,1,910,26.2,19.76,0,0,3
127200,1230,0.0346,13,0,0,437,29,29,1,910,26.2,19.76,0,0,3
127800,1260,0.0346,13,0,0,446,30,30,1,830,26.4,19.76,0,0,3
128400,1290,0.045,13,0,0,428,27,27,1,810,26.8,19.76,0,0,4
129000,1410,0.045,13,0,0,421,28,28,1,850,26.6,19.76,0,0,4
129600,1390,0.045,13,0,0,421,28,28,1,880,26.8,19.76,0,0,4
130200,1380,0.0347,13,0,0,426,27,27,1,990,26.6,19.76,0,0,3
130800,1380,0.0347,13,0,0,447,30,30,1,1080,26.6,19.76,0,0,3
131400,1430,0.0347,13,0,0,435,29,29,1,1140,26.6,19.76,0,0,3
132000,1460,0.0208,13,0,0,434,25,25,1,1110,26.8,19.76,0,0,1
132600,1530,0.0208,13,0,0,435,32,32,1,1110,27,20.71,0,1,1
133200,1210,0.0208,13,0,0,435,30,30,1,1080,27,20.71,0,1,1
133800,940,0.0279,13,0,0,433,22,22,1,1050,26.6,20.71,0,1,0
134400,860,0.0279,13,0,0,429,20,20,1,1080,26.8,20.71,0,1,0
135000,760,0.0279,13,0,0,427,22,22,0,1020,26.4,20.71,0,1,0
135600,680,0.037,13,0,0,404,21,21,1,790,26.4,20.71,1,1,3
136200,630,0.037,13,0,0,403,21,21,1,670,26.2,20.71,0,1,3
136800,660,0.037,69,25,0,410,22,22,1,620,26,20.71,0,1,3
137400,600,0.0362,67,30,0,364,23,23,1,630,26,20.71,0,1,3
138000,540,0.0362,67,37,0,364,15,15,1,610,26.2,20.71,0,1,3
138600,600,0.0362,68,26,0,363,15,15,0,660,26,20.71,0,1,3
139200,580,0.0386,71,25,0,363,15,15,1,660,26,20.71,0,1,2
139800,550,0.0386,67,25,0,363,16,16,0,610,26,22.59,0,1,2
140400,540,0.018,84,26,0,397,21,21,1,650,26,22.59,0,1,2
141000,570,0.018,65,25,0,400,24,24,1,630,25.8,22.59,0,1,2
141600,470,0.018,75,26,0,397,27,27,0,720,26.4,22.59,0,1,2
142200,590,0.0178,74,26,0,399,22,22,0,790,26,22.59,0,1,3
142800,610,0.0178,64,26,0,394,25,25,1,730,25.8,22.59,0,1,3
143400,550,0.0178,68,27,0,391,22,22,0,670,26,22.59,0,1,3
144000,560,0.02,14,0,0,359,18,18,0,560,26.2,22.59,0,0,2
144600,570,0.02,13,0,0,354,0,0,0,400,26,21.65,0,0,2
145200,550,0.02,13,0,0,354,0,0,0,440,26,21.65,0,0,2
145800,550,0.0241,13,0,0,354,0,0,0,410,26,21.65,0,0,1
146400,540,0.0241,13,0,0,354,0,0,0,400,26,21.65,0,0,1
147000,520,0.0241,13,0,0,354,0,0,0,400,26,21.65,0,0,1
147600,510,0.0353,13,0,0,353,0,0,0,390,26,21.65,0,0,2
148200,500,0.0353,13,0,0,351,0,0,0,390,26,21.65,0,0,2
148800,480,0.0353,13,0,0,351,0,0,0,400,26,21.65,0,0,2
149400,480,0.0227,13,0,0,353,0,0,0,420,26,21.65,0,0,1
150000,470,0.0227,13,0,0,353,0,0,0,420,26,21.65,0,0,1
150600,480,0.0227,13,0,0,353,0,0,0,420,25.8,21.65,0,0,1
151200,470,0.0368,13,0,0,353,0,0,0,420,26,21.65,0,0,2
151800,470,0.0368,13,0,0,353,0,0,0,420,25.8,21.65,0,0,2
152400,460,0.0368,13,0,0,354,0,0,0,390,25.8,21.65,0,0,2
153000,450,0.0366,13,0,0,354,0,0,0,390,25.8,21.65,0,0,2
153600,450,0.0366,13,0,0,352,0,0,0,390,25.8,20.71,0,0,2
154200,440,0.0366,13,0,0,352,0,0,0,390,25.8,20.71,0,0,2
154800,440,0.001,13,0,0,353,0,0,0,390,25.6,20.71,0,0,0
155400,440,0.001,13,0,0,351,0,0,0,390,25.8,20.71,0,0,0
156000,430,0.001,13,0,0,353,0,0,0,390,25.8,20.71,0,0,0
156600,430,0.001,13,0,0,371,0,0,0,390,25.8,20.71,0,0,0
157200,430,0.001,13,0,0,353,0,0,0,390,25.8,20.71,0,0,0
157800,430,0.001,13,0,0,352,0,0,0,390,25.8,19.76,0,0,0
158400,430,0.001,13,0,0,353,0,0,0,390,26,19.76,0,0,0
159000,430,0.001,13,0,0,353,0,0,0,390,25.8,19.76,0,0,0
159600,430,0.001,13,0,0,353,0,0,0,390,25.8,19.76,0,0,0
160200,430,0.001,13,0,0,353,0,0,0,390,25.8,19.76,0,0,0
160800,430,0.001,13,0,0,353,0,0,0,390,25.8,19.76,0,0,0
161400,430,0.001,13,0,0,353,0,0,0,390,25.8,19.76,0,0,0
162000,430,0.001,13,0,0,353,0,0,0,390,25.8,19.76,0,0,0
162600,430,0.001,13,0,0,353,0,0,0,390,25.8,19.76,0,0,0
163200,430,0.001,13,0,0,353,0,0,0,390,25.8,19.76,0,0,0
163800,430,0.001,13,0,0,353,0,0,0,390,25.8,19.76,0,0,0
164400,430,0.001,13,0,0,353,0,0,0,390,25.8,19.76,0,0,0
165000,430,0.001,13,0,0,353,0,0,0,390,25.8,18.82,0,0,0
165600,430,0.001,13,0,0,353,0,0,0,390,25.8,19.76,0,0,0
166200,430,0.001,13,0,0,353,0,0,0,390,25.8,19.76,0,0,0
166800,430,0.001,13,0,0,353,0,0,0,390,25.8,19.76,0,0,0
167400,430,0.001,13,0,0,353,0,0,0,390,25.8,19.76,0,0,0
168000,430,0.001,13,0,0,353,0,0,0,390,25.8,19.76,0,0,0
168600,430,0.001,13,0,0,353,0,0,0,390,25.8,19.76,0,0,0
169200,430,0.001,13,0,0,353,0,0,0,390,25.8,19.76,0,0,0
169800,430,0.001,13,0,0,353,0,0,0,390,25.8,19.76,0,0,0
170400,430,0.001,13,0,0,353,0,0,0,390,25.8,19.76,0,0,0
171000,430,0.001,13,0,0,353,0,0,0,390,25.8,19.76,0,0,0
171600,430,0.001,13,0,0,353,0,0,0,390,25.8,19.76,0,0,0
172200,430,0.001,13,0,0,353,0,0,0,390,25.8,18.82,0,0,0
172800,390,0.001,13,0,0,353,0,0,0,390,25.2,18.82,0,0,0
173400,390,0.001,13,0,0,354,0,0,0,400,25.2,18.82,0,0,0
174000,390,0.001,13,0,0,354,0,0,0,410,25.2,18.82,0,0,0
174600,390,0.001,13,0,0,354,0,0,0,400,25.2,18.82,0,0,0
175200,390,0.001,13,0,0,354,0,0,0,400,25.2,18.82,0,0,0
175800,390,0.001,13,0,0,353,0,0,0,410,25.2,18.82,0,0,0
176400,390,0.001,13,0,0,352,0,0,0,400,25.2,17.88,0,0,0
177000,390,0.001,13,0,0,369,0,0,0,400,25.2,17.88,0,0,0
177600,390,0.001,13,0,0,354,0,0,0,390,25.2,17.88,0,0,0
178200,390,0.001,13,0,0,369,0,0,0,400,25.2,17.88,0,0,0
178800,390,0.001,13,0,0,354,0,0,0,390,25.2,17.88,0,0,0
179400,390,0.001,13,0,0,354,0,0,0,390,25.2,17.88,0,0,0
180000,390,0.001,13,0,0,369,0,0,0,390,25.2,17.88,0,0,0
180600,390,0.001,13,0,0,354,0,0,0,390,25.2,16.94,0,0,0
181200,390,0.001,13,0,0,354,0,0,0,390,25.2,16.94,0,0,0
181800,390,0.001,13,0,0,354,0,0,0,390,25.2,16.94,0,0,0
182400,390,0.001,13,0,0,354,0,0,0,390,25.2,16,0,0,0
183000,390,0.001,13,0,0,354,0,0,0,390,25.2,16,0,0,0
183600,390,0.001,13,0,0,354,0,0,0,390,25.2,16,0,0,0
184200,390,0.001,13,0,0,354,0,0,0,390,25.2,16.94,0,0,0
184800,390,0.001,13,0,0,352,0,0,0,390,25,16.94,0,0,0
185400,390,0.001,13,0,0,369,0,0,0,390,25,16.94,0,0,0
186000,390,0.001,13,0,0,368,0,0,0,390,25,16.94,0,0,0
186600,390,0.001,13,0,0,355,0,0,0,390,25,16.94,0,0,0
187200,390,0.001,13,0,0,354,0,0,0,390,25,16.94,0,0,0
187800,390,0.001,13,0,0,354,0,0,0,390,25,16.94,0,0,0
188400,390,0.001,13,0,0,354,0,0,0,390,25,16.94,0,0,0
189000,390,0.001,13,0,0,354,0,0,0,390,25,16.94,0,0,0
189600,390,0.001,13,0,0,354,0,0,0,390,25,16.94,0,0,0
190200,390,0.001,13,0,0,355,0,0,0,390,25,16.94,0,0,0
190800,390,0.001,13,0,0,356,0,0,0,390,25,16.94,0,0,0
191400,390,0.001,13,0,0,356,0,0,1,390,25,16.94,1,0,0
192000,390,0.001,13,0,0,356,0,0,0,390,25,16.94,0,1,0
192600,390,0.001,66,28,0,354,0,0,0,390,24,16.94,0,1,0
193200,390,0.001,70,30,0,356,0,0,0,400,24.4,16.94,0,1,0
193800,420,0.001,77,25,0,354,0,0,1,410,24.4,16,0,1,0
194400,390,0.001,89,27,0,354,0,0,1,420,24.6,16,0,1,0
195000,420,0.001,69,29,32,369,0,0,1,440,24.4,16,0,1,0
195600,450,0.001,84,48,39,382,0,0,1,450,24.6,16,0,1,0
196200,480,0.001,65,27,37,400,0,0,1,510,24.2,16,0,1,0
196800,500,0.001,64,25,37,391,0,0,1,600,24.6,16,0,1,0
197400,540,0.001,61,24,35,401,19,19,1,650,25,16,0,1,0
198000,600,0.001,70,42,35,457,25,25,1,640,25.2,16,0,1,0
198600,690,0.001,64,25,39,479,23,23,1,630,25.2,16,1,1,0
199200,700,0.001,65,36,38,475,20,20,1,620,25.6,16,1,1,0
199800,610,0.001,62,24,38,473,21,21,1,600,24.8,16,1,1,0
200400,560,0.001,65,38,37,476,25,25,0,560,24,16,1,1,0
201000,630,0.001,65,36,36,472,20,20,1,680,24.4,16,1,1,0
201600,740,0.001,85,35,36,462,22,22,0,880,24.2,16,1,1,0
202200,800,0.001,118,23,33,460,22,22,1,800,24.4,16,1,1,0
202800,690,0.001,118,20,33,461,32,32,1,710,24.4,16,1,1,0
203400,620,0.001,119,21,39,455,22,22,1,610,24.6,16,1,1,0
204000,570,0.0116,114,21,33,467,23,23,1,550,24.6,16,1,1,1
204600,540,0.0116,111,22,33,463,25,25,1,490,25,16,1,1,1
205200,540,0.0116,105,21,33,476,24,24,1,520,25,16,1,1,1
205800,510,0.0254,95,22,37,453,28,28,1,480,25,17.88,1,1,2
206400,510,0.0254,94,20,38,465,30,30,0,470,24.8,19.76,1,1,2
207000,500,0.0254,94,22,33,452,34,34,1,450,25.2,19.76,1,1,2
207600,520,0.0402,86,24,32,437,21,21,1,540,25,19.76,1,1,3
208200,620,0.0402,81,24,38,443,23,23,1,660,25,20.71,1,1,3
208800,640,0.0402,76,22,33,446,23,23,1,650,25.2,20.71,1,1,3
209400,600,0.0379,76,23,32,442,23,23,0,600,25,20.71,0,1,4
210000,620,0.0379,13,0,33,445,23,23,0,640,25.2,22.59,0,1,4
210600,610,0.0379,13,0,32,436,23,23,1,690,25.6,22.59,0,1,4
211200,550,0.0359,13,0,36,413,15,15,0,740,25.8,22.59,0,1,4
211800,660,0.0359,13,0,39,462,26,26,1,720,26,22.59,0,1,4
212400,730,0.0359,13,0,36,483,25,25,1,620,26.2,24,0,1,4
213000,830,0.0295,13,0,35,459,32,32,1,610,26.2,24,0,1,4
213600,830,0.0295,13,0,38,484,37,37,1,600,26.2,24,0,1,4
214200,780,0.0295,13,0,34,471,22,22,1,610,26.6,24.94,0,1,4
214800,700,0.0374,13,0,34,466,22,22,1,620,26.2,24.94,0,1,4
215400,600,0.0374,13,0,34,454,24,24,1,630,26.4,25.88,0,1,4
216000,560,0.0374,13,0,34,459,24,24,0,620,26.4,25.88,0,1,4
216600,570,0.0402,13,0,34,459,24,24,0,610,26.6,25.88,0,1,4
217200,480,0.0402,13,0,34,448,24,24,1,580,26.6,24.94,0,1,4
217800,490,0.0402,13,0,34,472,25,25,1,570,26.4,24.94,0,1,4
218400,500,0.0386,13,0,38,434,17,17,1,620,26.6,24.94,0,1,2
219000,520,0.0386,13,0,41,494,27,27,1,640,26.8,25.88,0,1,2
219600,480,0.0386,13,0,41,494,26,26,1,620,26.8,25.88,0,1,2
220200,600,0.0242,13,0,35,495,26,26,1,600,27,25.88,0,1,2
220800,510,0.0242,13,0,35,483,21,21,1,570,27.2,25.88,0,1,2
221400,540,0.0242,13,0,0,484,25,25,1,530,27,25.88,0,1,2
222000,520,0.0158,13,0,0,450,26,26,0,530,27,25.88,0,1,1
222600,520,0.0158,13,0,0,416,33,33,0,500,26.8,25.88,0,1,1
223200,550,0.0158,13,0,0,414,32,32,0,480,26.6,29.65,0,1,1
223800,470,0.0239,13,0,0,405,32,32,0,480,26.6,29.65,0,1,2
224400,460,0.0239,13,0,0,403,28,28,1,470,26.8,29.65,0,1,2
225000,410,0.0239,13,0,0,409,38,38,1,430,26.8,25.88,0,1,2
225600,430,0.039,13,0,0,406,32,32,0,420,26.6,25.88,0,1,3
226200,410,0.039,13,0,0,406,32,32,1,420,26.6,25.88,1,1,3
226800,410,0.016,43,40,0,398,33,33,1,410,26.8,25.88,0,1,1
227400,430,0.016,54,46,0,396,25,25,0,400,26.4,26.82,0,1,1
228000,460,0.016,58,37,0,396,24,24,1,390,26.2,26.82,0,1,1
228600,450,0.0417,42,31,0,419,23,23,1,390,26.6,26.82,0,1,0
229200,430,0.0417,51,30,0,407,34,34,1,390,26.8,26.82,0,1,0
229800,430,0.0417,46,28,0,397,25,25,0,390,26.6,26.82,0,1,0
230400,420,0.0537,35,25,0,401,34,34,1,390,26.8,26.82,0,1,2
231000,410,0.0537,48,37,0,396,33,33,1,390,26.4,26.82,0,1,2
231600,430,0.0537,32,23,0,395,27,27,1,390,26.2,26.82,0,1,2
232200,430,0.0294,13,0,0,396,26,26,1,400,26,26.82,0,1,3
232800,430,0.0294,13,0,0,394,28,28,0,400,26.2,26.82,0,1,3
233400,400,0.0294,13,0,0,415,28,28,1,390,26.4,26.82,0,1,3
234000,390,0.0151,13,0,0,404,28,28,0,390,26.2,26.82,0,0,2
234600,410,0.0151,13,0,0,354,0,0,0,390,26,26.82,0,0,2
235200,410,0.0151,13,0,0,354,0,0,0,390,26,26.82,0,0,2
235800,400,0.0268,13,0,0,354,0,0,0,390,26,26.82,0,0,1
236400,390,0.0268,13,0,0,354,0,0,0,390,26.2,26.82,0,0,1
237000,390,0.0268,13,0,0,354,0,0,0,390,26,26.82,0,0,1
237600,390,0.0562,13,0,0,354,0,0,0,390,26,26.82,0,0,1
238200,390,0.0562,13,0,0,354,0,0,0,390,26,24.94,0,0,1
238800,390,0.0562,13,0,0,354,0,0,0,390,26,22.59,0,0,1
239400,390,0.0148,13,0,0,354,0,0,0,390,26,22.59,0,0,2
240000,390,0.0148,13,0,0,354,0,0,0,390,26,22.59,0,0,2
240600,390,0.0148,13,0,0,354,0,0,0,400,26,22.59,0,0,2
241200,390,0.0225,13,0,0,354,0,0,0,410,26,22.59,0,0,2
241800,390,0.0225,13,0,0,354,0,0,0,420,25.8,21.65,0,0,2
242400,390,0.0225,13,0,0,351,0,0,0,420,25.8,21.65,0,0,2
243000,390,0.0135,13,0,0,351,0,0,0,410,25.8,21.65,0,0,1
243600,390,0.0135,13,0,0,351,0,0,0,410,25.8,21.65,0,0,1
244200,390,0.0135,13,0,0,351,0,0,0,410,25.8,20.71,0,0,1
244800,390,0.001,13,0,0,351,0,0,0,410,25.8,20.71,0,0,0
245400,390,0.001,13,0,0,351,0,0,0,410,25.8,20.71,0,0,0
246000,390,0.001,13,0,0,351,0,0,0,410,25.8,20.71,0,0,0
246600,390,0.001,13,0,0,351,0,0,0,410,25.8,20.71,0,0,0
247200,390,0.001,13,0,0,351,0,0,0,410,25.8,20.71,0,0,0
247800,390,0.001,13,0,0,351,0,0,0,410,25.8,19.76,0,0,0
248400,390,0.001,13,0,0,351,0,0,0,410,25.8,19.76,0,0,0
249000,390,0.001,13,0,0,351,0,0,0,410,25.8,19.76,0,0,0
249600,390,0.001,13,0,0,351,0,0,0,410,25.8,19.76,0,0,0
250200,390,0.001,13,0,0,351,0,0,0,410,25.8,19.76,0,0,0
250800,390,0.001,13,0,0,351,0,0,0,410,25.8,19.76,0,0,0
251400,390,0.001,13,0,0,351,0,0,0,410,25.8,19.76,0,0,0
252000,390,0.001,13,0,0,351,0,0,0,410,25.8,19.76,0,0,0
252600,390,0.001,13,0,0,351,0,0,0,410,25.8,19.76,0,0,0
253200,390,0.001,13,0,0,351,0,0,0,410,25.8,19.76,0,0,0
253800,390,0.001,13,0,0,351,0,0,0,410,25.8,19.76,0,0,0
254400,390,0.001,13,0,0,351,0,0,0,410,25.8,18.82,0,0,0
255000,390,0.001,13,0,0,351,0,0,0,410,25.8,18.82,0,0,0
255600,390,0.001,13,0,0,351,0,0,0,410,25.8,18.82,0,0,0
256200,390,0.001,13,0,0,351,0,0,0,410,25.8,18.82,0,0,0
256800,390,0.001,13,0,0,351,0,0,0,410,25.8,18.82,0,0,0
257400,390,0.001,13,0,0,351,0,0,0,410,25.8,18.82,0,0,0
258000,390,0.001,13,0,0,351,0,0,0,410,25.8,18.82,0,0,0
258600,390,0.001,13,0,0,351,0,0,0,410,25.8,18.82,0,0,0
259200,390,0.001,13,0,0,351,0,0,0,410,25.8,18.82,0,0,0
259800,390,0.001,13,0,0,354,0,0,0,390,25.4,18.82,0,0,0
260400,390,0.001,13,0,0,355,0,0,0,390,25.4,18.82,0,0,0
261000,390,0.001,13,0,0,354,0,0,0,390,25.4,18.82,0,0,0
261600,390,0.001,13,0,0,354,0,0,0,390,25.4,18.82,0,0,0
262200,390,0.001,13,0,0,354,0,0,0,390,25.4,18.82,0,0,0
262800,390,0.001,13,0,0,354,0,0,0,390,25.4,16.94,0,0,0
263400,390,0.001,13,0,0,354,0,0,0,390,25.4,16.94,0,0,0
264000,390,0.001,13,0,0,353,0,0,0,390,25.4,16.94,0,0,0
264600,390,0.001,13,0,0,354,0,0,0,390,25.2,16.94,0,0,0
265200,390,0.001,13,0,0,354,0,0,0,390,25.2,16.94,0,0,0
265800,390,0.001,13,0,0,354,0,0,0,390,25.2,16.94,0,0,0
266400,390,0.001,13,0,0,354,0,0,0,390,25.2,16.94,0,0,0
267000,390,0.001,13,0,0,354,0,0,0,390,25.2,16.94,0,0,0
267600,390,0.001,13,0,0,354,0,0,0,390,25.2,16.94,0,0,0
268200,390,0.001,13,0,0,354,0,0,0,390,25.2,16.94,0,0,0
268800,390,0.001,13,0,0,354,0,0,0,390,25.2,16.94,0,0,0
269400,390,0.001,13,0,0,354,0,0,0,390,25.2,16.94,0,0,0
270000,390,0.001,13,0,0,355,0,0,0,390,25.2,16.94,0,0,0
270600,390,0.001,13,0,0,354,0,0,0,390,25.2,16.94,0,0,0
271200,390,0.001,13,0,0,353,0,0,0,390,25.2,16.94,0,0,0
271800,390,0.001,13,0,0,354,0,0,0,390,25,16.94,0,0,0
272400,390,0.001,13,0,0,353,0,0,0,390,25,16.94,0,0,0
273000,390,0.001,13,0,0,354,0,0,0,390,25,16.94,0,0,0
273600,390,0.001,13,0,0,354,0,0,0,390,25,16.94,0,0,0
274200,390,0.001,13,0,0,354,0,0,0,390,25,16.94,0,0,0
274800,390,0.001,13,0,0,357,0,0,0,390,25,16.94,0,0,0
275400,390,0.001,13,0,0,354,0,0,0,410,25,16.94,0,0,0
276000,390,0.001,13,0,0,354,0,0,0,410,25,16.94,0,0,0
276600,390,0.001,13,0,0,354,0,0,0,410,25,16.94,0,0,0
277200,390,0.001,13,0,0,354,0,0,0,430,25,16.94,0,0,0
277800,390,0.001,13,0,0,355,0,0,0,490,25,16.94,0,0,0
278400,410,0.001,13,0,0,356,0,0,1,510,25,16.94,1,0,0
279000,420,0.001,13,0,0,357,0,0,0,490,25,16.94,0,0,0
279600,470,0.001,13,0,0,358,0,0,0,500,25,16.94,0,0,0
280200,470,0.001,13,0,0,355,0,0,1,510,25,16.94,1,0,0
280800,470,0.001,13,0,0,356,0,0,1,510,25,16.94,1,1,0
281400,520,0.001,72,28,0,355,0,0,0,530,24.2,16.94,1,1,0
282000,570,0.001,72,32,0,354,0,0,1,610,24.8,16.94,1,1,0
282600,610,0.001,69,26,0,356,0,0,0,610,24.2,16.94,1,1,0
283200,600,0.001,78,32,0,355,0,0,1,620,24.6,16.94,1,1,0
283800,620,0.001,77,34,0,356,0,0,1,610,24.6,16.94,1,1,0
284400,610,0.001,77,31,0,358,0,0,1,570,24.6,16.94,1,1,0
285000,570,0.001,81,34,0,357,0,0,1,560,24.8,16.94,1,1,0
285600,550,0.001,77,31,0,397,0,0,1,480,24.8,16.94,1,1,0
286200,540,0.001,71,31,0,394,0,0,1,460,24.8,16.94,1,1,0
286800,660,0.001,69,26,0,381,0,0,1,640,25,16.94,1,1,0
287400,700,0.001,31,16,0,434,0,0,1,660,25,16.94,1,1,0
288000,820,0.001,17,0,0,427,24,24,1,620,25.4,16.94,1,1,0
288600,740,0.001,17,0,0,421,22,22,1,650,25.4,16.94,1,1,0
289200,700,0.001,17,0,0,422,25,25,1,620,25.2,16.94,1,1,0
289800,650,0.001,17,0,0,417,24,24,1,510,25,16.94,1,1,0
290400,590,0.001,17,0,0,416,24,24,1,500,25,16.94,1,1,0
291000,570,0.001,17,0,0,415,25,25,1,460,25.2,16.94,1,1,0
291600,590,0.001,16,0,0,434,24,24,1,480,25.2,16.94,1,1,0
292200,570,0.0329,16,0,0,385,16,16,1,560,25,16.94,1,1,2
292800,650,0.0329,15,0,0,380,15,15,0,650,25.2,16.94,0,1,2
293400,660,0.0329,15,0,0,371,16,16,0,580,25.2,16.94,0,1,2
294000,620,0.046,14,0,0,372,16,16,0,580,25.6,16.94,0,1,2
294600,600,0.046,14,0,0,371,18,18,0,550,25.6,16.94,0,1,2
295200,560,0.046,14,0,0,389,15,15,0,470,25.8,16.94,0,1,2
295800,510,0.0463,14,0,0,409,22,22,1,580,26,16.94,0,1,2
296400,520,0.0463,13,0,0,364,23,23,1,580,26,16.94,0,1,2
297000,530,0.0463,42,54,0,443,23,23,1,580,26.2,16.94,0,1,2
297600,550,0.059,86,49,0,434,22,22,1,560,26.4,16.94,0,1,3
298200,590,0.059,89,50,0,437,34,34,1,560,26.4,16.94,0,1,3
298800,640,0.059,84,51,0,439,27,27,1,600,26.4,16.94,0,1,3
299400,580,0.0117,93,39,0,436,29,29,1,570,26.6,16.94,1,1,1
300000,670,0.0117,81,39,0,431,25,25,1,570,26.6,16.94,0,1,1
300600,650,0.0117,14,0,0,437,25,25,1,570,26.6,16.94,0,1,1
301200,540,0.0117,16,0,0,431,22,22,1,530,26.4,16.94,0,1,1
301800,510,0.0117,14,0,0,433,26,26,1,530,26.8,16.94,0,1,1
302400,530,0.0117,14,0,0,400,24,24,1,540,26.4,16.94,0,1,1
303000,530,0.0167,14,0,0,418,24,24,1,540,26.4,16.94,0,1,1
303600,560,0.0167,14,0,0,436,23,23,1,560,26.6,16.94,0,1,1
304200,620,0.0167,14,0,0,427,22,22,1,590,26.6,16.94,0,1,1
304800,580,0.0094,14,0,0,435,25,25,1,590,27,16.94,1,1,0
305400,610,0.0094,14,0,0,433,24,24,1,600,26.6,16.94,0,1,0
306000,650,0.0094,20,19,0,431,25,25,0,610,26,16.94,0,1,0
306600,660,0.0485,68,26,0,408,25,25,1,600,26.4,16.94,0,1,1
307200,660,0.0485,68,25,0,404,35,35,1,600,26.6,16.94,1,1,1
307800,650,0.0485,74,27,0,409,29,29,1,600,27,16.94,0,1,1
308400,710,0.042,71,26,0,403,22,22,0,600,26.4,16.94,0,1,3
309000,550,0.042,72,25,0,400,23,23,0,560,26,16.94,0,1,3
309600,560,0.042,63,25,0,398,22,22,1,600,26.2,16.94,0,1,3
310200,570,0.0311,66,15,0,394,22,22,1,540,26,16.94,0,1,3
310800,590,0.0311,63,28,0,397,21,21,1,530,26.6,16.94,0,1,3
311400,620,0.0311,65,27,0,394,20,20,1,520,26.8,16.94,0,1,3
312000,600,0.0184,65,25,0,366,0,0,1,510,27,16.94,0,1,1
312600,610,0.0184,66,43,0,357,0,0,0,480,27,16.94,0,1,1
313200,640,0.0222,64,26,0,355,0,0,1,470,26.8,16.94,0,1,2
313800,610,0.0222,61,27,0,355,0,0,1,470,26.8,16.94,0,1,2
314400,550,0.0222,59,25,0,356,0,0,0,460,26.2,16.94,0,1,2
315000,560,0.0301,14,0,0,356,0,0,0,480,26.8,16.94,0,0,2
315600,610,0.0301,13,0,0,358,0,0,0,470,26.6,16.94,0,0,2
316200,590,0.0301,13,0,0,356,0,0,0,460,26.6,16.94,0,0,2
316800,580,0.0355,13,0,0,354,0,0,0,440,26.6,16.94,0,0,4
317400,560,0.0355,13,0,0,354,0,0,0,430,26.6,16.94,0,0,4
318000,550,0.0355,13,0,0,354,0,0,0,420,26.6,16.94,0,0,4
318600,530,0.0274,13,0,0,354,0,0,0,400,26.6,16.94,0,0,2
319200,510,0.0274,13,0,0,354,0,0,0,390,26.6,16.94,0,0,2
319800,500,0.0274,13,0,0,371,0,0,0,390,26.6,16.94,0,0,2
320400,480,0.0653,13,0,0,371,0,0,0,390,26.6,16.94,0,0,3
321000,480,0.0653,13,0,0,356,0,0,0,390,26.6,16.94,0,0,3
321600,470,0.0653,13,0,0,354,0,0,0,390,26.4,16.94,0,0,3
322200,450,0.0252,13,0,0,354,0,0,0,390,26.4,16.94,0,0,2
322800,440,0.0252,13,0,0,355,0,0,0,390,26.6,16.94,0,0,2
323400,440,0.0252,13,0,0,354,0,0,0,390,26.4,16.94,0,0,2
324000,430,0.0531,13,0,0,355,0,0,0,390,26.4,16.94,0,0,2
324600,420,0.0531,13,0,0,355,0,0,0,390,26.4,16.94,0,0,2
325200,420,0.0531,13,0,0,371,0,0,0,390,26.4,16.94,0,0,2
325800,420,0.001,13,0,0,353,0,0,0,390,26.4,16.94,0,0,0
326400,410,0.001,13,0,0,354,0,0,0,390,26.4,16.94,0,0,0
327000,410,0.001,13,0,0,354,0,0,0,390,26.4,16.94,0,0,0
327600,410,0.001,13,0,0,354,0,0,0,390,26.2,16.94,0,0,0
328200,400,0.001,13,0,0,354,0,0,0,390,26.2,16.94,0,0,0
328800,400,0.001,13,0,0,374,0,0,0,390,26.2,16.94,0,0,0
329400,400,0.001,13,0,0,375,0,0,0,390,26.2,16.94,0,0,0
330000,400,0.001,13,0,0,354,0,0,0,390,26,16.94,0,0,0
330600,400,0.001,13,0,0,354,0,0,0,390,26,16.94,0,0,0
331200,400,0.001,13,0,0,354,0,0,0,390,26,16.94,0,0,0
331800,400,0.001,13,0,0,354,0,0,0,390,26,16.94,0,0,0
332400,400,0.001,13,0,0,354,0,0,0,390,26,16.94,0,0,0
333000,400,0.001,13,0,0,354,0,0,0,390,26,16.94,0,0,0
333600,400,0.001,13,0,0,354,0,0,0,390,26,16.94,0,0,0
334200,400,0.001,13,0,0,354,0,0,0,390,26,16.94,0,0,0
334800,400,0.001,13,0,0,354,0,0,0,390,26,16.94,0,0,0
335400,400,0.001,13,0,0,354,0,0,0,390,26,16.94,0,0,0
336000,400,0.001,13,0,0,354,0,0,0,390,26,16.94,0,0,0
336600,400,0.001,13,0,0,354,0,0,0,390,26,16.94,0,0,0
337200,400,0.001,13,0,0,354,0,0,0,390,26,16.94,0,0,0
337800,400,0.001,13,0,0,354,0,0,0,390,26,16.94,0,0,0
338400,400,0.001,13,0,0,354,0,0,0,390,26,16.94,0,0,0
339000,400,0.001,13,0,0,354,0,0,0,390,26,16.94,0,0,0
339600,400,0.001,13,0,0,354,0,0,0,390,26,16.94,0,0,0
340200,400,0.001,13,0,0,354,0,0,0,390,26,16.94,0,0,0
340800,400,0.001,13,0,0,354,0,0,0,390,26,16.94,0,0,0
341400,400,0.001,13,0,0,354,0,0,0,390,26,16.94,0,0,0
342000,400,0.001,13,0,0,354,0,0,0,390,26,16.94,0,0,0
342600,400,0.001,13,0,0,354,0,0,0,390,26,16.94,0,0,0
343200,400,0.001,13,0,0,354,0,0,0,390,26,16.94,0,0,0
343800,400,0.001,13,0,0,354,0,0,0,390,26,16.94,0,0,0
344400,400,0.001,13,0,0,354,0,0,0,390,26,16.94,0,0,0
345000,400,0.001,13,0,0,354,0,0,0,390,26,16.94,0,0,0
345600,410,0.001,13,0,0,354,0,0,0,390,25.2,16.94,0,0,0
346200,410,0.001,13,0,0,354,0,0,0,390,25,16.94,0,0,0
346800,410,0.001,13,0,0,354,0,0,0,390,25,16.94,0,0,0
347400,420,0.001,13,0,0,354,0,0,0,390,25,16.94,0,0,0
348000,420,0.001,13,0,0,352,0,0,0,390,25,16.94,0,0,0
348600,420,0.001,13,0,0,353,0,0,0,390,25,16.94,0,0,0
349200,420,0.001,13,0,0,352,0,0,0,390,25,16.94,0,0,0
349800,420,0.001,13,0,0,353,0,0,0,400,25,16.94,0,0,0
350400,420,0.001,13,0,0,352,0,0,0,400,25,16.94,0,0,0
351000,420,0.001,13,0,0,354,0,0,0,400,24.8,16.94,0,0,0
351600,420,0.001,13,0,0,370,0,0,0,400,24.8,16.94,0,0,0
352200,420,0.001,13,0,0,352,0,0,0,400,24.8,16.94,0,0,0
352800,420,0.001,13,0,0,353,0,0,0,400,24.8,16.94,0,0,0
353400,420,0.001,13,0,0,354,0,0,0,400,24.8,16.94,0,0,0
354000,420,0.001,13,0,0,354,0,0,0,400,24.8,16.94,0,0,0
354600,420,0.001,13,0,0,369,0,0,0,400,24.8,16.94,0,0,0
355200,420,0.001,13,0,0,351,0,0,0,400,24.6,16.94,0,0,0
355800,420,0.001,13,0,0,350,0,0,0,400,24.6,16.94,0,0,0
356400,430,0.001,13,0,0,351,0,0,0,400,24.6,16.94,0,0,0
357000,420,0.001,13,0,0,352,0,0,0,400,24.6,16.94,0,0,0
357600,420,0.001,13,0,0,353,0,0,0,400,24.6,16.94,0,0,0
358200,420,0.001,13,0,0,353,0,0,0,400,24.6,16.94,0,0,0
358800,430,0.001,13,0,0,354,0,0,0,400,24.4,16.94,0,0,0
359400,430,0.001,13,0,0,353,0,0,0,400,24.6,16.94,0,0,0
360000,430,0.001,13,0,0,351,0,0,0,400,24.6,16.94,0,0,0
360600,430,0.001,13,0,0,353,0,0,0,400,24.4,16.94,0,0,0
361200,430,0.001,13,0,0,353,0,0,0,400,24.4,16.94,0,0,0
361800,430,0.001,13,0,0,353,0,0,0,400,24.4,16.94,0,0,0
362400,390,0.001,13,0,0,354,0,0,0,400,24.4,16.94,0,0,0
363000,390,0.001,13,0,0,371,0,0,0,400,24.4,16.94,0,0,0
363600,390,0.001,13,0,0,353,0,0,0,400,24.4,16.94,0,0,0
364200,390,0.001,13,0,0,354,0,0,0,400,24.6,16.94,0,0,0
364800,390,0.001,13,0,0,354,0,0,0,400,24.6,16.94,0,0,0
365400,390,0.001,13,0,0,354,0,0,0,400,24.6,16.94,0,0,0
366000,390,0.001,13,0,0,354,0,0,0,400,24.6,16.94,0,0,0
366600,390,0.001,13,0,0,354,0,0,0,400,24.6,16.94,0,0,0
367200,390,0.001,13,0,0,354,0,0,0,400,24.8,16.94,0,0,0
367800,390,0.001,13,0,0,353,0,0,0,400,24.6,16.94,0,0,0
368400,390,0.001,13,0,0,354,0,0,0,400,24.8,16.94,0,0,0
369000,390,0.001,13,0,0,354,0,0,0,390,24.8,16.94,0,0,0
369600,390,0.001,13,0,0,354,0,0,0,390,25,16.94,0,0,0
370200,390,0.001,13,0,0,354,0,0,0,390,25,16.94,0,0,0
370800,390,0.001,13,0,0,354,0,0,0,390,25,16.94,0,0,0
371400,390,0.001,13,0,0,354,0,0,0,390,25,16.94,0,0,0
372000,390,0.001,13,0,0,354,0,0,0,390,25,16.94,0,0,0
372600,390,0.001,13,0,0,353,0,0,0,390,25,16.94,0,0,0
373200,390,0.001,13,0,0,354,0,0,0,390,25.2,16.94,0,0,0
373800,390,0.001,13,0,0,354,0,0,0,390,25.2,16.94,0,0,0
374400,390,0.001,13,0,0,354,0,0,0,390,25.2,16.94,0,0,0
375000,390,0.001,13,0,0,354,0,0,0,390,25.2,16.94,0,0,0
375600,390,0.001,13,0,0,354,0,0,0,390,25.4,16.94,0,0,0
376200,390,0.001,13,0,0,354,0,0,0,390,25.2,16.94,0,0,0
376800,390,0.001,13,0,0,354,0,0,0,390,25.4,16.94,0,0,0
377400,390,0.001,13,0,0,354,0,0,0,390,25.4,16.94,0,0,0
378000,390,0.001,13,0,0,354,0,0,0,390,25.4,16.94,0,0,0
378600,390,0.001,13,0,0,354,0,0,0,390,25.2,16.94,0,0,0
379200,390,0.001,13,0,0,354,0,0,0,390,25.4,16.94,0,0,0
379800,390,0.001,13,0,0,354,0,0,0,390,25.4,16.94,0,0,0
380400,390,0.001,13,0,0,354,0,0,0,390,25.4,16.94,0,0,0
381000,390,0.001,13,0,0,353,0,0,0,390,25.4,16.94,0,0,0
381600,390,0.001,13,0,0,354,0,0,0,390,25.2,16.94,0,0,0
382200,390,0.001,13,0,0,354,0,0,0,390,25.2,16.94,0,0,0
382800,390,0.001,13,0,0,354,0,0,0,390,25.2,16.94,0,0,0
383400,390,0.001,13,0,0,352,0,0,0,390,25.2,16.94,0,0,0
384000,390,0.001,13,0,0,351,0,0,0,390,25.2,16.94,0,0,0
384600,390,0.001,13,0,0,350,0,0,0,390,25.4,16.94,0,0,0
385200,390,0.001,13,0,0,350,0,0,0,390,25.4,16.94,0,0,0
385800,390,0.001,13,0,0,352,0,0,0,390,25.4,19.76,0,0,0
386400,390,0.001,13,0,0,354,0,0,0,390,25.4,19.76,0,0,0
387000,390,0.001,13,0,0,353,0,0,0,390,25.6,19.76,0,0,0
387600,390,0.001,13,0,0,351,0,0,0,390,25.6,19.76,0,0,0
388200,390,0.001,13,0,0,354,0,0,0,390,25.6,19.76,0,0,0
388800,390,0.001,13,0,0,352,0,0,0,390,25.6,19.76,0,0,0
389400,390,0.001,13,0,0,352,0,0,0,390,25.6,19.76,0,0,0
390000,390,0.001,13,0,0,352,0,0,0,390,25.6,19.76,0,0,0
390600,390,0.001,13,0,0,353,0,0,0,390,25.8,19.76,0,0,0
391200,390,0.001,13,0,0,353,0,0,0,390,25.8,19.76,0,0,0
391800,390,0.001,13,0,0,352,0,0,0,390,25.8,19.76,0,0,0
392400,390,0.001,13,0,0,352,0,0,0,390,25.8,19.76,0,0,0
393000,390,0.001,13,0,0,353,0,0,0,390,25.8,16.94,0,0,0
393600,390,0.001,13,0,0,353,0,0,0,390,25.8,16.94,0,0,0
394200,390,0.001,13,0,0,354,0,0,0,390,25.8,16.94,0,0,0
394800,390,0.001,13,0,0,354,0,0,0,390,25.8,16.94,0,0,0
395400,390,0.001,13,0,0,352,0,0,0,390,25.8,16.94,0,0,0
396000,390,0.001,13,0,0,369,0,0,0,390,26,16.94,0,0,0
396600,390,0.001,13,0,0,355,0,0,0,390,26,16.94,0,0,0
397200,390,0.001,13,0,0,354,0,0,0,390,26,16.94,0,0,0
397800,390,0.001,13,0,0,354,0,0,0,390,25.8,16.94,0,0,0
398400,390,0.001,13,0,0,354,0,0,0,390,26,16.94,0,0,0
399000,390,0.001,13,0,0,354,0,0,0,390,25.8,16.94,0,0,0
399600,390,0.001,13,0,0,353,0,0,0,390,25.8,16.94,0,0,0
400200,390,0.001,13,0,0,352,0,0,0,390,25.8,16.94,0,0,0
400800,390,0.001,13,0,0,354,0,0,0,390,25.8,16.94,0,0,0
401400,390,0.001,13,0,0,353,0,0,0,390,25.8,16.94,0,0,0
402000,390,0.001,13,0,0,353,0,0,0,390,26,16.94,0,0,0
402600,390,0.001,13,0,0,354,0,0,0,390,26,16.94,0,0,0
403200,390,0.001,13,0,0,352,0,0,0,390,26,16.94,0,0,0
403800,390,0.001,13,0,0,369,0,0,0,390,26,16.94,0,0,0
404400,390,0.001,13,0,0,352,0,0,0,390,26,16.94,0,0,0
405000,390,0.001,13,0,0,353,0,0,0,390,26,16.94,0,0,0
405600,390,0.001,13,0,0,354,0,0,0,390,25.8,16.94,0,0,0
406200,390,0.001,13,0,0,354,0,0,0,390,26,16.94,0,0,0
406800,390,0.001,13,0,0,353,0,0,0,390,25.8,16.94,0,0,0
407400,390,0.001,13,0,0,354,0,0,0,390,25.8,16.94,0,0,0
408000,390,0.001,13,0,0,354,0,0,0,390,25.8,16.94,0,0,0
408600,390,0.001,13,0,0,354,0,0,0,390,25.8,16.94,0,0,0
409200,390,0.001,13,0,0,353,0,0,0,390,25.6,16.94,0,0,0
409800,390,0.001,13,0,0,353,0,0,0,390,25.6,16.94,0,0,0
410400,390,0.001,13,0,0,353,0,0,0,390,25.6,16.94,0,0,0
411000,390,0.001,13,0,0,354,0,0,0,390,25.8,16.94,0,0,0
411600,390,0.001,13,0,0,354,0,0,0,390,25.8,16.94,0,0,0
412200,390,0.001,13,0,0,354,0,0,0,390,25.8,16.94,0,0,0
412800,390,0.001,13,0,0,353,0,0,0,390,25.8,16.94,0,0,0
413400,390,0.001,13,0,0,353,0,0,0,390,25.6,16.94,0,0,0
414000,390,0.001,13,0,0,352,0,0,0,390,25.6,16.94,0,0,0
414600,390,0.001,13,0,0,353,0,0,0,390,25.6,16.94,0,0,0
415200,390,0.001,13,0,0,354,0,0,0,390,25.6,16.94,0,0,0
415800,390,0.001,13,0,0,353,0,0,0,390,25.6,16.94,0,0,0
416400,390,0.001,13,0,0,352,0,0,0,390,25.6,16.94,0,0,0
417000,390,0.001,13,0,0,353,0,0,0,390,25.6,16.94,0,0,0
417600,390,0.001,13,0,0,354,0,0,0,390,25.6,16.94,0,0,0
418200,390,0.001,13,0,0,354,0,0,0,390,25.6,16.94,0,0,0
418800,390,0.001,13,0,0,354,0,0,0,390,25.6,16.94,0,0,0
419400,390,0.001,13,0,0,354,0,0,0,390,25.6,16.94,0,0,0
420000,390,0.001,13,0,0,354,0,0,0,390,25.6,16.94,0,0,0
420600,390,0.001,13,0,0,354,0,0,0,390,25.6,16.94,0,0,0
421200,390,0.001,13,0,0,354,0,0,0,390,25.6,16,0,0,0
421800,390,0.001,13,0,0,354,0,0,0,390,25.6,16,0,0,0
422400,390,0.001,13,0,0,354,0,0,0,390,25.6,16,0,0,0
423000,390,0.001,13,0,0,354,0,0,0,390,25.6,16,0,0,0
423600,390,0.001,13,0,0,354,0,0,0,390,25.6,16,0,0,0
424200,390,0.001,13,0,0,354,0,0,0,390,25.6,16,0,0,0
424800,390,0.001,13,0,0,354,0,0,0,390,25.6,16,0,0,0
425400,390,0.001,13,0,0,354,0,0,0,390,25.6,16,0,0,0
426000,390,0.001,13,0,0,354,0,0,0,390,25.6,16,0,0,0
426600,390,0.001,13,0,0,354,0,0,0,390,25.6,16,0,0,0
427200,390,0.001,13,0,0,354,0,0,0,390,25.6,16,0,0,0
427800,390,0.001,13,0,0,354,0,0,0,390,25.6,16,0,0,0
428400,390,0.001,13,0,0,354,0,0,0,390,25.6,16,0,0,0
429000,390,0.001,13,0,0,354,0,0,0,390,25.6,16,0,0,0
429600,390,0.001,13,0,0,354,0,0,0,390,25.6,16,0,0,0
430200,390,0.001,13,0,0,354,0,0,0,390,25.6,16,0,0,0
430800,390,0.001,13,0,0,354,0,0,0,390,25.6,16,0,0,0
431400,390,0.001,13,0,0,354,0,0,0,390,25.6,16,0,0,0
432000,390,0.001,13,0,0,354,0,0,0,390,25.6,16,0,0,0
432600,390,0.001,13,0,0,351,0,0,0,390,25.2,16,0,0,0
433200,390,0.001,13,0,0,352,0,0,0,390,25.2,16,0,0,0
433800,390,0.001,13,0,0,351,0,0,0,390,25.4,16,0,0,0
434400,390,0.001,13,0,0,353,0,0,0,390,25.2,16,0,0,0
435000,390,0.001,13,0,0,351,0,0,0,390,25.2,16,0,0,0
435600,390,0.001,13,0,0,350,0,0,0,390,25.2,14.59,0,0,0
436200,390,0.001,13,0,0,351,0,0,0,390,25.2,14.59,0,0,0
436800,390,0.001,13,0,0,350,0,0,0,390,25.4,14.59,0,0,0
437400,390,0.001,13,0,0,351,0,0,0,390,25.2,16,0,0,0
438000,390,0.001,13,0,0,351,0,0,0,390,25.2,14.59,0,0,0
438600,390,0.001,13,0,0,352,0,0,0,390,25.2,14.59,0,0,0
439200,390,0.001,13,0,0,352,0,0,0,390,25.2,16,0,0,0
439800,390,0.001,13,0,0,354,0,0,0,390,25.2,14.59,0,0,0
440400,390,0.001,13,0,0,352,0,0,0,390,25.2,14.59,0,0,0
441000,390,0.001,13,0,0,352,0,0,0,390,25.2,14.59,0,0,0
441600,390,0.001,13,0,0,351,0,0,0,400,25.2,14.59,0,0,0
442200,390,0.001,13,0,0,351,0,0,0,400,25.2,14.59,0,0,0
442800,390,0.001,13,0,0,352,0,0,0,400,25.2,16,0,0,0
443400,390,0.001,13,0,0,351,0,0,0,400,25.2,16,0,0,0
444000,390,0.001,13,0,0,353,0,0,0,400,25.2,14.59,0,0,0
444600,390,0.001,13,0,0,353,0,0,0,400,25.2,14.59,0,0,0
445200,390,0.001,13,0,0,352,0,0,0,390,25.2,14.59,0,0,0
445800,390,0.001,13,0,0,352,0,0,0,390,25.2,16,0,0,0
446400,390,0.001,13,0,0,351,0,0,0,390,25.2,14.59,0,0,0
447000,390,0.001,13,0,0,351,0,0,0,400,25.2,14.59,0,0,0
447600,390,0.001,13,0,0,352,0,0,0,400,25.2,14.59,0,0,0
448200,390,0.001,13,0,0,351,0,0,0,400,25.2,14.59,0,0,0
448800,390,0.001,13,0,0,353,0,0,0,400,25.2,14.59,0,0,0
449400,390,0.001,13,0,0,354,0,0,0,390,25.2,14.59,0,0,0
450000,390,0.001,13,0,0,353,0,0,0,390,25.2,14.59,0,0,0
450600,390,0.001,13,0,0,354,0,0,0,390,25.2,14.59,0,0,0
451200,390,0.001,13,0,0,354,0,0,0,390,25.2,14.59,0,0,0
451800,390,0.001,13,0,0,354,0,0,0,390,25.2,14.59,0,0,0
452400,390,0.001,13,0,0,354,0,0,0,390,25.2,14.59,0,0,0
453000,390,0.001,13,0,0,354,0,0,0,390,25.2,14.59,0,0,0
453600,390,0.001,13,0,0,354,0,0,0,390,25.2,16,0,0,0
454200,390,0.001,13,0,0,354,0,0,0,390,25.2,14.59,0,0,0
454800,390,0.001,13,0,0,353,0,0,0,390,25.2,14.59,0,0,0
455400,390,0.001,13,0,0,354,0,0,1,390,25.2,14.59,1,0,0
456000,390,0.001,13,0,0,380,0,0,0,390,25.2,14.59,0,0,0
456600,490,0.001,13,0,0,355,0,0,0,440,25.2,14.59,0,0,0
457200,500,0.001,13,0,0,355,0,0,0,420,25.2,14.59,0,0,0
457800,490,0.001,13,0,0,356,0,0,0,410,25.2,16,0,0,0
458400,480,0.001,13,0,0,354,0,0,0,410,25.4,16,0,0,0
459000,470,0.001,13,0,0,371,0,0,0,410,25.2,16.94,0,0,0
459600,460,0.001,13,0,0,358,0,0,0,410,25.2,16.94,0,0,0
460200,450,0.001,13,0,0,354,0,0,0,410,25.2,16.94,0,0,0
460800,440,0.001,13,0,0,355,0,0,0,410,25.4,16,0,0,0
461400,430,0.001,13,0,0,354,0,0,0,410,25.4,16.94,0,0,0
462000,430,0.001,13,0,0,354,0,0,0,400,25.4,16.94,0,0,0
462600,420,0.001,13,0,0,354,0,0,0,400,25.4,16.94,0,0,0
463200,420,0.001,13,0,0,354,0,0,0,400,25.4,16.94,0,0,0
463800,420,0.001,13,0,0,355,0,0,0,400,25.4,16.94,0,0,0
464400,420,0.001,13,0,0,354,0,0,0,400,25.4,16.94,0,0,0
465000,410,0.001,13,0,0,354,0,0,0,400,25.4,16.94,0,0,0
465600,410,0.001,13,0,0,354,0,0,0,400,25.4,16.94,0,0,0
466200,410,0.001,13,0,0,354,0,0,0,400,25.6,17.88,0,0,0
466800,410,0.001,13,0,0,354,0,0,0,400,25.6,17.88,0,0,0
467400,400,0.001,13,0,0,356,0,0,0,400,25.8,17.88,0,0,0
468000,410,0.001,13,0,0,354,0,0,0,400,25.6,16.94,0,0,0
468600,410,0.001,13,0,0,354,0,0,0,400,25.6,16.94,0,0,0
469200,410,0.001,13,0,0,354,0,0,0,390,25.4,16.94,0,0,0
469800,400,0.001,13,0,0,353,0,0,0,390,25.6,17.88,0,0,0
470400,400,0.001,13,0,0,354,0,0,0,390,25.8,17.88,0,0,0
471000,400,0.001,13,0,0,354,0,0,0,390,25.6,17.88,0,0,0
471600,400,0.001,13,0,0,371,0,0,0,390,25.6,17.88,0,0,0
472200,390,0.001,13,0,0,354,0,0,0,390,25.8,17.88,0,0,0
472800,390,0.001,13,0,0,354,0,0,0,390,25.8,17.88,0,0,0
473400,390,0.001,13,0,0,354,0,0,0,390,25.8,17.88,0,0,0
474000,390,0.001,13,0,0,354,0,0,0,390,25.8,18.82,0,0,0
474600,390,0.001,13,0,0,371,0,0,0,390,25.8,18.82,0,0,0
475200,390,0.001,13,0,0,371,0,0,0,390,26,18.82,0,0,0
475800,390,0.001,13,0,0,353,0,0,0,390,26,18.82,0,0,0
476400,390,0.001,13,0,0,380,0,0,0,390,26,19.76,0,0,0
477000,390,0.001,13,0,0,354,0,0,0,390,26,19.76,0,0,0
477600,390,0.001,13,0,0,353,0,0,0,390,26,19.76,0,0,0
478200,390,0.001,13,0,0,370,0,0,0,390,26,19.76,0,0,0
478800,390,0.001,13,0,0,358,0,0,0,390,26,19.76,0,0,0
479400,390,0.001,13,0,0,354,0,0,0,390,26,20.71,0,0,0
480000,390,0.001,13,0,0,354,0,0,0,390,26,20.71,0,0,0
480600,390,0.001,13,0,0,371,0,0,0,390,26,20.71,0,0,0
481200,390,0.001,13,0,0,353,0,0,0,390,26,20.71,0,0,0
481800,390,0.001,13,0,0,371,0,0,0,390,26,20.71,0,0,0
482400,390,0.001,13,0,0,353,0,0,0,390,26,21.65,0,0,0
483000,390,0.001,13,0,0,353,0,0,0,390,26,21.65,0,0,0
483600,390,0.001,13,0,0,353,0,0,0,390,26,21.65,0,0,0
484200,390,0.001,13,0,0,353,0,0,0,390,26,24.94,0,0,0
484800,390,0.001,13,0,0,353,0,0,0,390,26,24.94,0,0,0
485400,390,0.001,13,0,0,353,0,0,0,390,26,26.82,0,0,0
486000,390,0.001,13,0,0,353,0,0,0,390,26,26.82,0,0,0
486600,390,0.001,13,0,0,353,0,0,0,390,26,26.82,0,0,0
487200,390,0.001,13,0,0,353,0,0,0,390,26,26.82,0,0,0
487800,390,0.001,13,0,0,353,0,0,0,390,26,26.82,0,0,0
488400,390,0.001,13,0,0,353,0,0,0,390,26,26.82,0,0,0
489000,390,0.001,13,0,0,353,0,0,0,390,26,26.82,0,0,0
489600,390,0.001,13,0,0,353,0,0,0,390,26,26.82,0,0,0
490200,390,0.001,13,0,0,353,0,0,0,390,26,26.82,0,0,0
490800,390,0.001,13,0,0,353,0,0,0,390,26,26.82,0,0,0
491400,390,0.001,13,0,0,353,0,0,0,390,26,26.82,0,0,0
492000,390,0.001,13,0,0,353,0,0,0,390,26,26.82,0,0,0
492600,390,0.001,13,0,0,353,0,0,0,390,26,26.82,0,0,0
493200,2550,0.001,13,0,0,353,0,0,0,390,51,26.82,0,0,0
493800,2550,0.001,13,0,0,353,0,0,0,390,51,26.82,0,0,0
494400,2550,0.001,13,0,0,353,0,0,0,390,51,26.82,0,0,0
495000,2550,0.001,13,0,0,353,0,0,0,390,51,24,0,0,0
495600,2550,0.001,13,0,0,353,0,0,0,390,51,22.59,0,0,0
496200,2550,0.001,13,0,0,353,0,0,0,390,51,22.59,0,0,0
496800,2550,0.001,13,0,0,353,0,0,0,390,51,22.59,0,0,0
497400,390,0.001,13,0,0,353,0,0,0,390,26,22.59,0,0,0
498000,390,0.001,13,0,0,354,0,0,0,390,26,22.59,0,0,0
498600,390,0.001,13,0,0,354,0,0,0,390,26,22.59,0,0,0
499200,390,0.001,13,0,0,355,0,0,0,390,26,22.59,0,0,0
499800,390,0.001,13,0,0,354,0,0,0,390,26,22.59,0,0,0
500400,390,0.001,13,0,0,354,0,0,0,390,26,21.65,0,0,0
501000,390,0.001,13,0,0,354,0,0,0,390,25.8,21.65,0,0,0
501600,390,0.001,13,0,0,358,0,0,0,390,25.8,21.65,0,0,0
502200,390,0.001,13,0,0,354,0,0,0,390,25.8,21.65,0,0,0
502800,390,0.001,13,0,0,354,0,0,0,390,26,21.65,0,0,0
503400,390,0.001,13,0,0,354,0,0,0,390,25.8,21.65,0,0,0
504000,390,0.001,13,0,0,354,0,0,0,390,25.8,21.65,0,0,0
504600,390,0.001,13,0,0,353,0,0,0,390,25.8,21.65,0,0,0
505200,390,0.001,13,0,0,354,0,0,0,390,25.8,21.65,0,0,0
505800,390,0.001,13,0,0,354,0,0,0,390,25.8,21.65,0,0,0
506400,390,0.001,13,0,0,354,0,0,0,390,25.8,21.65,0,0,0
507000,390,0.001,13,0,0,354,0,0,0,390,25.8,21.65,0,0,0
507600,390,0.001,13,0,0,357,0,0,0,390,25.8,21.65,0,0,0
508200,390,0.001,13,0,0,354,0,0,0,390,25.8,21.65,0,0,0
508800,390,0.001,13,0,0,352,0,0,0,390,25.8,21.65,0,0,0
509400,390,0.001,13,0,0,352,0,0,0,390,25.8,21.65,0,0,0
510000,390,0.001,13,0,0,352,0,0,0,390,25.6,21.65,0,0,0
510600,390,0.001,13,0,0,370,0,0,0,390,25.8,21.65,0,0,0
511200,390,0.001,13,0,0,352,0,0,0,390,25.8,21.65,0,0,0
511800,390,0.001,13,0,0,354,0,0,0,390,25.6,21.65,0,0,0
512400,390,0.001,13,0,0,352,0,0,0,390,25.6,21.65,0,0,0
513000,390,0.001,13,0,0,352,0,0,0,390,25.6,21.65,0,0,0
513600,390,0.001,13,0,0,352,0,0,0,390,25.6,21.65,0,0,0
514200,390,0.001,13,0,0,352,0,0,0,390,25.6,18.82,0,0,0
514800,390,0.001,13,0,0,352,0,0,0,390,25.6,18.82,0,0,0
515400,390,0.001,13,0,0,352,0,0,0,390,25.6,18.82,0,0,0
516000,390,0.001,13,0,0,352,0,0,0,390,25.6,18.82,0,0,0
516600,390,0.001,13,0,0,352,0,0,0,390,25.6,18.82,0,0,0
517200,390,0.001,13,0,0,352,0,0,0,390,25.6,18.82,0,0,0
517800,390,0.001,13,0,0,352,0,0,0,390,25.6,18.82,0,0,0
518400,390,0.001,13,0,0,352,0,0,0,390,25.4,18.82,0,0,0
519000,390,0.001,13,0,0,352,0,0,0,390,25.4,18.82,0,0,0
519600,390,0.001,13,0,0,352,0,0,0,390,25.4,18.82,0,0,0
520200,390,0.001,13,0,0,352,0,0,0,390,25.2,18.82,0,0,0
520800,390,0.001,13,0,0,352,0,0,0,390,25.4,18.82,0,0,0
521400,390,0.001,13,0,0,352,0,0,0,390,25.4,18.82,0,0,0
522000,390,0.001,13,0,0,353,0,0,0,390,25.2,18.82,0,0,0
522600,390,0.001,13,0,0,350,0,0,0,390,25.2,18.82,0,0,0
523200,390,0.001,13,0,0,350,0,0,0,390,25.2,18.82,0,0,0
523800,390,0.001,13,0,0,350,0,0,0,390,25.2,18.82,0,0,0
524400,390,0.001,13,0,0,352,0,0,0,390,25.2,18.82,0,0,0
525000,390,0.001,13,0,0,352,0,0,0,390,25.2,18.82,0,0,0
525600,390,0.001,13,0,0,351,0,0,0,390,25,18.82,0,0,0
526200,390,0.001,13,0,0,351,0,0,0,390,25.2,18.82,0,0,0
526800,390,0.001,13,0,0,353,0,0,0,390,25,18.82,0,0,0
527400,390,0.001,13,0,0,351,0,0,0,390,25,18.82,0,0,0
528000,390,0.001,13,0,0,351,0,0,0,400,25,18.82,0,0,0
528600,390,0.001,13,0,0,351,0,0,0,400,25,18.82,0,0,0
529200,390,0.001,13,0,0,350,0,0,0,400,25,18.82,0,0,0
529800,390,0.001,13,0,0,351,0,0,0,400,25,18.82,0,0,0
530400,390,0.001,13,0,0,351,0,0,0,400,25,18.82,0,0,0
531000,390,0.001,13,0,0,351,0,0,0,400,24.8,18.82,0,0,0
531600,390,0.001,13,0,0,351,0,0,0,410,24.8,18.82,0,0,0
532200,400,0.001,13,0,0,352,0,0,0,410,24.8,18.82,0,0,0
532800,400,0.001,13,0,0,351,0,0,0,410,24.8,18.82,0,0,0
533400,400,0.001,13,0,0,361,0,0,0,410,24.8,18.82,0,0,0
534000,410,0.001,13,0,0,351,0,0,0,420,24.6,18.82,0,0,0
534600,400,0.001,13,0,0,351,0,0,0,420,24.6,18.82,0,0,0
535200,410,0.001,13,0,0,352,0,0,0,420,24.6,14.59,0,0,0
535800,410,0.001,13,0,0,353,0,0,0,420,24.6,14.59,0,0,0
536400,410,0.001,13,0,0,352,0,0,0,420,24.6,14.59,0,0,0
537000,410,0.001,13,0,0,352,0,0,0,420,24.6,14.59,0,0,0
537600,410,0.001,13,0,0,352,0,0,0,420,24.6,14.59,0,0,0
538200,410,0.001,13,0,0,353,0,0,0,420,24.6,14.59,0,0,0
538800,400,0.001,13,0,0,352,0,0,0,420,24.6,14.59,0,0,0
539400,400,0.001,13,0,0,352,0,0,0,420,24.8,14.59,0,0,0
540000,400,0.001,13,0,0,353,0,0,0,420,24.8,14.59,0,0,0
540600,390,0.001,13,0,0,353,0,0,0,420,24.8,14.59,0,0,0
541200,390,0.001,13,0,0,353,0,0,0,420,24.8,14.59,0,0,0
541800,390,0.001,13,0,0,354,0,0,0,420,24.8,14.59,0,0,0
542400,390,0.001,13,0,0,354,0,0,0,420,25,14.59,0,0,0
543000,390,0.001,13,0,0,354,0,0,0,420,25,14.59,0,0,0
543600,390,0.001,13,0,0,354,0,0,0,420,25,14.59,0,0,0
544200,390,0.001,13,0,0,354,0,0,0,420,25.2,14.59,0,0,0
544800,390,0.001,13,0,0,371,0,0,0,420,25.2,14.59,0,0,0
545400,390,0.001,13,0,0,353,0,0,0,410,25.4,14.59,0,0,0
546000,390,0.001,13,0,0,354,0,0,0,410,25.4,14.59,0,0,0
546600,390,0.001,13,0,0,354,0,0,0,410,25.4,14.59,0,0,0
547200,390,0.001,13,0,0,357,0,0,0,410,25.6,14.59,0,0,0
547800,390,0.001,13,0,0,354,0,0,0,400,25.4,14.59,0,0,0
548400,390,0.001,13,0,0,354,0,0,0,400,25.6,14.59,0,0,0
549000,390,0.001,13,0,0,354,0,0,0,400,25.6,14.59,0,0,0
549600,390,0.001,13,0,0,370,0,0,0,400,25.8,14.59,0,0,0
550200,390,0.001,13,0,0,352,0,0,0,400,25.8,14.59,0,0,0
550800,390,0.001,13,0,0,356,0,0,0,400,25.8,14.59,0,0,0
551400,390,0.001,13,0,0,354,0,0,0,400,26,14.59,0,0,0
552000,390,0.001,13,0,0,353,0,0,0,390,26,14.59,0,0,0
552600,390,0.001,13,0,0,354,0,0,0,390,26,14.59,0,0,0
553200,390,0.001,13,0,0,354,0,0,0,390,26,14.59,0,0,0
553800,390,0.001,13,0,0,371,0,0,0,390,26,14.59,0,0,0
554400,390,0.001,13,0,0,353,0,0,0,390,26,14.59,0,0,0
555000,390,0.001,13,0,0,354,0,0,0,390,26.2,14.59,0,0,0
555600,390,0.001,13,0,0,354,0,0,0,390,26.2,14.59,0,0,0
556200,390,0.001,13,0,0,354,0,0,0,390,26.2,14.59,0,0,0
556800,390,0.001,13,0,0,354,0,0,0,390,26.2,14.59,0,0,0
557400,390,0.001,13,0,0,354,0,0,0,390,26.4,14.59,0,0,0
558000,390,0.001,13,0,0,371,0,0,0,390,26.4,14.59,0,0,0
558600,390,0.001,13,0,0,358,0,0,0,390,26.4,14.59,0,0,0
559200,390,0.001,13,0,0,355,0,0,0,390,26.4,14.59,0,0,0
559800,390,0.001,13,0,0,356,0,0,0,390,26.4,14.59,0,0,0
560400,390,0.001,13,0,0,371,0,0,0,390,26.4,14.59,0,0,0
561000,390,0.001,13,0,0,370,0,0,0,390,26.4,14.59,0,0,0
561600,390,0.001,13,0,0,355,0,0,0,390,26.4,14.59,0,0,0
562200,390,0.001,13,0,0,354,0,0,0,390,26.4,14.59,0,0,0
562800,390,0.001,13,0,0,354,0,0,0,390,26.6,14.59,0,0,0
563400,390,0.001,13,0,0,354,0,0,0,390,26.4,14.59,0,0,0
564000,390,0.001,13,0,0,354,0,0,0,390,26.6,14.59,0,0,0
564600,390,0.001,13,0,0,354,0,0,0,390,26.6,14.59,0,0,0
565200,390,0.001,13,0,0,354,0,0,0,390,26.6,14.59,0,0,0
565800,390,0.001,13,0,0,354,0,0,0,390,26.6,14.59,0,0,0
566400,390,0.001,13,0,0,354,0,0,0,390,26.6,14.59,0,0,0
567000,390,0.001,13,0,0,354,0,0,0,390,26.6,14.59,0,0,0
567600,390,0.001,13,0,0,354,0,0,0,390,26.6,14.59,0,0,0
568200,390,0.001,13,0,0,355,0,0,0,390,26.6,14.59,0,0,0
568800,390,0.001,13,0,0,371,0,0,0,390,26.6,14.59,0,0,0
569400,390,0.001,13,0,0,353,0,0,0,390,26.6,14.59,0,0,0
570000,390,0.001,13,0,0,371,0,0,0,390,26.8,14.59,0,0,0
570600,390,0.001,13,0,0,362,0,0,0,390,26.6,14.59,0,0,0
571200,390,0.001,13,0,0,354,0,0,0,390,26.6,14.59,0,0,0
571800,390,0.001,13,0,0,354,0,0,0,390,26.6,14.59,0,0,0
572400,390,0.001,13,0,0,354,0,0,0,390,26.6,14.59,0,0,0
573000,390,0.001,13,0,0,372,0,0,0,390,26.8,14.59,0,0,0
573600,390,0.001,13,0,0,354,0,0,0,390,26.6,14.59,0,0,0
574200,390,0.001,13,0,0,354,0,0,0,390,26.8,14.59,0,0,0
574800,390,0.001,13,0,0,355,0,0,0,390,26.8,14.59,0,0,0
575400,390,0.001,13,0,0,354,0,0,0,390,26.6,14.59,0,0,0
576000,390,0.001,13,0,0,357,0,0,0,390,26.6,14.59,0,0,0
576600,390,0.001,13,0,0,358,0,0,0,390,26.8,14.59,0,0,0
577200,390,0.001,13,0,0,371,0,0,0,390,26.8,14.59,0,0,0
577800,390,0.001,13,0,0,354,0,0,0,390,26.8,14.59,0,0,0
578400,390,0.001,13,0,0,354,0,0,0,390,26.6,14.59,0,0,0
579000,390,0.001,13,0,0,371,0,0,0,390,26.8,14.59,0,0,0
579600,390,0.001,13,0,0,355,0,0,0,390,26.8,14.59,0,0,0
580200,390,0.001,13,0,0,355,0,0,0,390,26.8,14.59,0,0,0
580800,390,0.001,13,0,0,355,0,0,0,390,26.8,14.59,0,0,0
581400,390,0.001,13,0,0,355,0,0,0,390,26.8,14.59,0,0,0
582000,390,0.001,13,0,0,373,0,0,0,390,26.8,14.59,0,0,0
582600,390,0.001,13,0,0,371,0,0,0,390,26.8,27.76,0,0,0
583200,390,0.001,13,0,0,371,0,0,0,390,26.8,27.76,0,0,0
583800,390,0.001,13,0,0,358,0,0,0,390,26.8,27.76,0,0,0
584400,390,0.001,13,0,0,354,0,0,0,390,26.8,27.76,0,0,0
585000,390,0.001,13,0,0,354,0,0,0,390,26.8,27.76,0,0,0
585600,390,0.001,13,0,0,354,0,0,0,390,26.8,27.76,0,0,0
586200,390,0.001,13,0,0,354,0,0,0,390,26.8,27.76,0,0,0
586800,390,0.001,13,0,0,371,0,0,0,390,26.8,27.76,0,0,0
587400,390,0.001,13,0,0,357,0,0,0,390,26.8,27.76,0,0,0
588000,390,0.001,13,0,0,354,0,0,0,390,26.8,27.76,0,0,0
588600,390,0.001,13,0,0,354,0,0,0,390,26.8,27.76,0,0,0
589200,390,0.001,13,0,0,354,0,0,0,400,26.6,27.76,0,0,0
589800,390,0.001,13,0,0,354,0,0,0,400,26.6,27.76,0,0,0
590400,390,0.001,13,0,0,356,0,0,0,400,26.6,27.76,0,0,0
591000,390,0.001,13,0,0,356,0,0,0,400,26.6,27.76,0,0,0
591600,390,0.001,13,0,0,354,0,0,0,400,26.6,27.76,0,0,0
592200,390,0.001,13,0,0,354,0,0,0,410,26.6,27.76,0,0,0
592800,390,0.001,13,0,0,354,0,0,0,410,26.6,27.76,0,0,0
593400,390,0.001,13,0,0,354,0,0,0,410,26.6,27.76,0,0,0
594000,390,0.001,13,0,0,354,0,0,0,410,26.6,27.76,0,0,0
594600,390,0.001,13,0,0,354,0,0,0,410,26.6,27.76,0,0,0
595200,390,0.001,13,0,0,354,0,0,0,410,26.6,22.59,0,0,0
595800,390,0.001,13,0,0,354,0,0,0,410,26.6,22.59,0,0,0
596400,390,0.001,13,0,0,354,0,0,0,410,26.6,22.59,0,0,0
597000,390,0.001,13,0,0,354,0,0,0,410,26.6,22.59,0,0,0
597600,390,0.001,13,0,0,354,0,0,0,410,26.6,22.59,0,0,0
598200,390,0.001,13,0,0,354,0,0,0,410,26.6,22.59,0,0,0
598800,390,0.001,13,0,0,354,0,0,0,410,26.6,22.59,0,0,0
599400,390,0.001,13,0,0,354,0,0,0,410,26.6,22.59,0,0,0
600000,390,0.001,13,0,0,354,0,0,0,410,26.6,22.59,0,0,0
600600,390,0.001,13,0,0,354,0,0,0,410,26.6,22.59,0,0,0
601200,390,0.001,13,0,0,354,0,0,0,410,26.6,22.59,0,0,0
601800,390,0.001,13,0,0,354,0,0,0,410,26.6,22.59,0,0,0
602400,390,0.001,13,0,0,354,0,0,0,410,26.6,22.59,0,0,0
603000,390,0.001,13,0,0,354,0,0,0,410,26.6,22.59,0,0,0
603600,390,0.001,13,0,0,354,0,0,0,410,26.6,22.59,0,0,0
604200,390,0.001,13,0,0,354,0,0,0,410,26.6,22.59,0,0,0
604800,410,0.001,13,0,0,354,0,0,0,410,26,22.59,0,0,0
605400,410,0.001,13,0,0,354,0,0,0,440,26,22.59,0,0,0
606000,410,0.001,13,0,0,354,0,0,0,430,26,22.59,0,0,0
606600,410,0.001,13,0,0,354,0,0,0,430,26,22.59,0,0,0
607200,410,0.001,13,0,0,354,0,0,0,430,26,22.59,0,0,0
607800,420,0.001,13,0,0,354,0,0,0,440,25.8,22.59,0,0,0
608400,420,0.001,13,0,0,354,0,0,0,440,25.8,22.59,0,0,0
609000,410,0.001,13,0,0,353,0,0,0,440,25.8,22.59,0,0,0
609600,420,0.001,13,0,0,354,0,0,0,440,25.8,22.59,0,0,0
610200,420,0.001,13,0,0,356,0,0,0,440,25.8,22.59,0,0,0
610800,420,0.001,13,0,0,354,0,0,0,440,25.8,22.59,0,0,0
611400,420,0.001,13,0,0,354,0,0,0,440,25.6,22.59,0,0,0
612000,420,0.001,13,0,0,354,0,0,0,440,25.6,22.59,0,0,0
612600,420,0.001,13,0,0,354,0,0,0,440,25.6,22.59,0,0,0
613200,430,0.001,13,0,0,354,0,0,0,440,25.4,22.59,0,0,0
613800,430,0.001,13,0,0,354,0,0,0,450,25.6,22.59,0,0,0
614400,430,0.001,13,0,0,371,0,0,0,450,25.6,22.59,0,0,0
615000,430,0.001,13,0,0,358,0,0,0,450,25.4,22.59,0,0,0
615600,430,0.001,13,0,0,355,0,0,0,450,25.4,22.59,0,0,0
616200,430,0.001,13,0,0,354,0,0,0,450,25.4,22.59,0,0,0
616800,430,0.001,13,0,0,354,0,0,0,450,25.2,22.59,0,0,0
617400,430,0.001,13,0,0,354,0,0,0,460,25.2,22.59,0,0,0
618000,430,0.001,13,0,0,354,0,0,0,460,25.2,22.59,0,0,0
618600,440,0.001,13,0,0,354,0,0,0,460,25.2,22.59,0,0,0
619200,440,0.001,13,0,0,356,0,0,0,460,25.2,22.59,0,0,0
619800,440,0.001,13,0,0,354,0,0,0,460,25.2,22.59,0,0,0
620400,440,0.001,13,0,0,354,0,0,0,460,25.2,22.59,0,0,0
621000,440,0.001,13,0,0,356,0,0,0,460,25.2,22.59,0,0,0
621600,440,0.001,13,0,0,357,0,0,0,460,25.4,22.59,0,0,0
622200,440,0.001,13,0,0,358,0,0,0,460,25.2,22.59,0,0,0
622800,440,0.001,13,0,0,356,0,0,0,460,25.2,22.59,0,0,0
623400,450,0.001,13,0,0,356,0,0,0,470,25.2,22.59,0,0,0
624000,440,0.001,13,0,0,354,0,0,0,470,25.2,22.59,0,0,0
624600,440,0.001,13,0,0,355,0,0,0,470,25.2,22.59,0,0,0
625200,440,0.001,13,0,0,357,0,0,1,470,25.2,22.59,1,0,0
625800,440,0.001,13,0,0,377,0,0,0,470,25.2,22.59,1,1,0
626400,480,0.001,12,0,0,377,28,28,1,480,24,22.59,1,1,0
627000,480,0.001,12,0,0,368,25,25,1,500,24,22.59,1,1,0
627600,480,0.001,12,0,0,377,26,26,0,500,24,22.59,1,1,0
628200,480,0.001,12,0,0,375,26,26,0,500,23.8,22.59,1,1,0
628800,480,0.001,12,0,0,375,28,28,0,490,24.2,22.59,1,1,0
629400,480,0.001,12,0,0,379,22,22,0,490,24.2,22.59,0,1,0
630000,480,0.001,12,0,0,371,26,26,0,500,24.6,22.59,0,1,0
630600,460,0.001,12,0,0,373,20,20,1,510,25,22.59,0,1,0
631200,460,0.001,12,0,0,416,20,20,1,530,24.8,22.59,0,1,0
631800,500,0.001,12,0,0,417,20,20,1,540,25.2,22.59,0,1,0
632400,510,0.001,12,0,0,414,20,20,1,570,25.8,22.59,0,1,0
633000,540,0.001,12,0,0,417,27,27,1,570,25.2,22.59,0,1,0
633600,560,0.001,12,0,0,437,28,28,0,560,25.6,22.59,0,1,0
634200,550,0.001,12,0,0,465,24,24,1,570,25.8,22.59,0,1,0
634800,530,0.001,12,0,0,432,32,32,1,580,25.8,22.59,0,1,0
635400,530,0.001,12,0,0,453,33,33,1,590,26,22.59,0,1,0
636000,510,0.0203,12,0,0,457,34,34,1,590,26.4,22.59,0,1,0
636600,520,0.0203,12,0,0,443,32,32,1,600,26.6,22.59,1,1,0
637200,520,0.0203,12,0,0,438,23,23,1,610,26.6,22.59,0,1,0
637800,520,0.0203,12,0,0,443,24,24,1,640,26.8,22.59,0,1,1
638400,490,0.0203,12,0,0,458,33,33,0,610,27,22.59,0,1,1
639000,480,0.0203,12,0,0,435,30,30,1,610,27,22.59,0,1,1
639600,500,0.0133,12,0,0,437,33,33,1,600,27.6,22.59,0,1,1
640200,470,0.0133,12,0,0,413,34,34,0,590,27.6,22.59,0,1,1
640800,430,0.0133,12,0,0,412,27,27,0,550,27.8,22.59,0,1,1
641400,460,0.0192,12,0,0,415,28,28,0,550,27.8,22.59,0,1,0
642000,470,0.0192,12,0,0,418,30,30,0,560,27.8,22.59,0,1,0
642600,440,0.0192,12,0,0,407,27,27,1,550,28,22.59,0,1,0
643200,470,0.0241,12,0,0,428,29,29,1,540,27.8,22.59,0,1,2
643800,450,0.0241,12,0,0,431,28,28,1,550,28,22.59,1,1,2
644400,500,0.0241,12,0,0,426,27,27,1,580,28.2,22.59,1,0,2
645000,580,0.0231,12,0,0,429,25,25,1,630,27.6,22.59,1,0,2
645600,600,0.0231,12,0,0,420,28,28,1,720,27.6,22.59,1,0,2
646200,640,0.0231,12,0,0,415,24,24,1,750,27.6,22.59,1,0,2
646800,690,0.0215,12,0,0,418,32,32,1,800,27.6,22.59,1,0,2
647400,710,0.0215,12,0,0,419,25,25,0,830,27.6,22.59,1,0,2
648000,740,0.0215,12,0,0,423,34,34,0,830,27.6,22.59,1,0,2
648600,720,0.0171,12,0,0,410,37,37,1,840,27.8,22.59,1,0,2
649200,730,0.0171,12,0,0,408,26,26,1,830,27.4,22.59,1,0,2
649800,730,0.0171,12,0,0,428,25,25,1,800,27.4,22.59,1,0,2
650400,750,0.0188,12,0,0,423,26,26,1,800,27.6,22.59,1,0,2
651000,730,0.0188,12,0,0,425,25,25,1,810,27.6,22.59,1,0,2
651600,750,0.0188,12,0,0,426,27,27,1,810,27.6,22.59,1,0,2
652200,710,0.0137,12,0,0,419,24,24,0,750,27.4,22.59,1,0,1
652800,650,0.0137,12,0,0,418,29,29,1,720,27.8,22.59,1,0,1
653400,610,0.0137,12,0,0,404,28,28,1,600,27.4,22.59,1,0,1
654000,570,0.0198,12,0,0,403,24,24,0,560,27.4,22.59,1,0,1
654600,550,0.0198,12,0,0,403,30,30,0,560,27.4,22.59,1,0,1
655200,550,0.0198,12,0,0,402,25,25,0,590,27.6,22.59,1,0,1
655800,590,0.0501,12,0,0,405,32,32,0,600,27.4,22.59,1,0,2
656400,590,0.0501,12,0,0,409,31,31,0,590,27.6,22.59,1,0,2
657000,590,0.0501,12,0,0,410,32,32,1,600,27.6,22.59,1,0,2
657600,590,0.0241,12,0,0,406,32,32,0,610,27.8,22.59,1,0,2
658200,600,0.0241,12,0,0,408,31,31,0,600,27.6,22.59,1,0,2
658800,600,0.0147,12,0,0,406,28,28,0,590,27.6,22.59,0,0,1
659400,580,0.0147,12,0,0,359,27,27,0,580,27.8,22.59,0,0,1
660000,580,0.0147,12,0,0,356,0,0,0,620,27.6,22.59,0,0,1
660600,570,0.0138,12,0,0,374,0,0,0,730,27.8,22.59,0,0,2
661200,580,0.0138,12,0,0,356,0,0,0,810,27.8,22.59,0,0,2
661800,560,0.0138,12,0,0,359,0,0,0,840,27.8,22.59,0,0,2
662400,570,0.0222,12,0,0,360,0,0,0,860,27.8,22.59,0,0,2
663000,570,0.0222,12,0,0,359,0,0,0,810,27.8,22.59,0,0,2
663600,570,0.0222,12,0,0,358,0,0,0,780,27.8,22.59,0,0,2
664200,570,0.0182,12,0,0,363,0,0,0,730,27.8,22.59,0,0,1
664800,570,0.0182,12,0,0,357,0,0,0,650,27.8,22.59,0,0,1
665400,550,0.0182,12,0,0,357,0,0,0,630,28,22.59,0,0,1
666000,550,0.0149,12,0,0,358,0,0,0,600,28,22.59,0,0,1
666600,540,0.0149,12,0,0,357,0,0,0,560,28,22.59,0,0,1
667200,530,0.0149,12,0,0,356,0,0,0,540,28,22.59,0,0,1
667800,540,0.0103,12,0,0,373,0,0,0,510,28,22.59,0,0,1
668400,540,0.0103,12,0,0,357,0,0,0,500,28,22.59,0,0,1
669000,510,0.0103,12,0,0,356,0,0,0,480,28,22.59,0,0,1
669600,520,0.0109,12,0,0,358,0,0,0,470,27.8,22.59,0,0,0
670200,510,0.0109,12,0,0,357,0,0,0,470,28,22.59,0,0,0
670800,510,0.0109,12,0,0,356,0,0,0,420,28,22.59,0,0,0
671400,510,0.001,12,0,0,355,0,0,0,420,28,22.59,0,0,0
672000,500,0.001,12,0,0,356,0,0,0,410,28,22.59,0,0,0
672600,490,0.001,12,0,0,356,0,0,0,420,28,22.59,0,0,0
673200,490,0.001,12,0,0,358,0,0,0,410,28,22.59,0,0,0
673800,480,0.001,12,0,0,357,0,0,0,410,28,22.59,0,0,0
674400,480,0.001,12,0,0,356,0,0,0,410,28,22.59,0,0,0
675000,480,0.001,12,0,0,354,0,0,0,410,28,22.59,0,0,0
675600,470,0.001,12,0,0,357,0,0,0,400,28,22.59,0,0,0
676200,470,0.001,12,0,0,357,0,0,0,400,28,22.59,0,0,0
676800,470,0.001,12,0,0,357,0,0,0,400,28,22.59,0,0,0
677400,470,0.001,12,0,0,357,0,0,0,400,28,22.59,0,0,0
678000,470,0.001,12,0,0,357,0,0,0,400,28,22.59,0,0,0
678600,470,0.001,12,0,0,357,0,0,0,400,28,22.59,0,0,0
679200,470,0.001,12,0,0,357,0,0,0,400,28,22.59,0,0,0
679800,470,0.001,12,0,0,357,0,0,0,400,28,22.59,0,0,0
680400,470,0.001,12,0,0,357,0,0,0,400,28,22.59,0,0,0
681000,470,0.001,12,0,0,357,0,0,0,400,28,22.59,0,0,0
681600,470,0.001,12,0,0,357,0,0,0,400,28,22.59,0,0,0
682200,470,0.001,12,0,0,357,0,0,0,400,28,22.59,0,0,0
682800,470,0.001,12,0,0,357,0,0,0,400,28,22.59,0,0,0
683400,470,0.001,12,0,0,357,0,0,0,400,28,22.59,0,0,0
684000,470,0.001,12,0,0,357,0,0,0,400,28,22.59,0,0,0
684600,470,0.001,12,0,0,357,0,0,0,400,28,22.59,0,0,0
685200,470,0.001,12,0,0,357,0,0,0,400,28,22.59,0,0,0
685800,470,0.001,12,0,0,357,0,0,0,400,28,22.59,0,0,0
686400,470,0.001,12,0,0,357,0,0,0,400,28,22.59,0,0,0
687000,470,0.001,12,0,0,357,0,0,0,400,28,22.59,0,0,0
687600,470,0.001,12,0,0,357,0,0,0,400,28,22.59,0,0,0
688200,470,0.001,12,0,0,357,0,0,0,400,28,22.59,0,0,0
688800,470,0.001,12,0,0,357,0,0,0,400,28,22.59,0,0,0
689400,470,0.001,12,0,0,357,0,0,0,400,28,22.59,0,0,0
690000,470,0.001,12,0,0,357,0,0,0,400,28,22.59,0,0,0
690600,470,0.001,12,0,0,357,0,0,0,400,28,22.59,0,0,0
691200,390,0.001,12,0,0,358,0,0,0,400,27.6,22.59,0,0,0
691800,390,0.001,12,0,0,354,0,0,0,390,27.6,22.59,0,0,0
692400,390,0.001,12,0,0,354,0,0,0,390,27.4,22.59,0,0,0
693000,390,0.001,12,0,0,354,0,0,0,390,27.4,22.59,0,0,0
693600,390,0.001,12,0,0,354,0,0,0,390,27.4,22.59,0,0,0
694200,390,0.001,12,0,0,355,0,0,0,390,27.4,22.59,0,0,0
694800,390,0.001,12,0,0,354,0,0,0,390,27.4,22.59,0,0,0
695400,390,0.001,12,0,0,355,0,0,0,390,27.4,22.59,0,0,0
696000,390,0.001,12,0,0,355,0,0,0,390,27.4,22.59,0,0,0
696600,390,0.001,12,0,0,354,0,0,0,390,27.4,22.59,0,0,0
697200,390,0.001,12,0,0,354,0,0,0,390,27.4,22.59,0,0,0
697800,390,0.001,12,0,0,355,0,0,0,390,27.4,22.59,0,0,0
698400,390,0.001,12,0,0,373,0,0,0,390,27.4,22.59,0,0,0
699000,390,0.001,12,0,0,354,0,0,0,390,27.4,22.59,0,0,0
699600,390,0.001,12,0,0,355,0,0,0,390,27.2,22.59,0,0,0
700200,390,0.001,12,0,0,356,0,0,0,390,27.4,22.59,0,0,0
700800,390,0.001,12,0,0,356,0,0,0,390,27.2,22.59,0,0,0
701400,390,0.001,12,0,0,355,0,0,0,390,27.2,22.59,0,0,0
702000,390,0.001,12,0,0,354,0,0,0,390,27,22.59,0,0,0
702600,390,0.001,12,0,0,371,0,0,0,390,27.2,22.59,0,0,0
703200,390,0.001,12,0,0,355,0,0,0,390,27.2,22.59,0,0,0
703800,390,0.001,12,0,0,357,0,0,0,390,27.2,22.59,0,0,0
704400,390,0.001,12,0,0,359,0,0,0,390,27,22.59,0,0,0
705000,390,0.001,12,0,0,358,0,0,0,390,27,22.59,0,0,0
705600,390,0.001,12,0,0,375,0,0,0,390,27,22.59,0,0,0
706200,390,0.001,12,0,0,357,0,0,0,390,27,22.59,0,0,0
706800,390,0.001,12,0,0,373,0,0,0,390,27,22.59,0,0,0
707400,390,0.001,12,0,0,364,0,0,0,390,27,22.59,0,0,0
708000,390,0.001,12,0,0,358,0,0,0,390,27,22.59,0,0,0
708600,390,0.001,12,0,0,359,0,0,0,390,27,22.59,0,0,0
709200,390,0.001,12,0,0,358,0,0,0,390,27,22.59,0,0,0
709800,390,0.001,12,0,0,358,0,0,0,390,27,22.59,0,0,0
710400,390,0.001,12,0,0,359,0,0,0,390,27.2,22.59,0,0,0
711000,390,0.001,12,0,0,359,0,0,0,390,27.2,22.59,0,0,0
711600,390,0.001,12,0,0,359,0,0,0,390,27.2,22.59,0,0,0
712200,390,0.001,12,0,0,359,0,0,0,390,27.2,22.59,0,0,0
712800,390,0.001,12,0,0,360,0,0,0,390,27.2,22.59,0,0,0
713400,390,0.001,12,0,0,360,0,0,0,390,27.4,22.59,0,0,0
714000,390,0.001,12,0,0,360,0,0,0,390,27.4,22.59,0,0,0
714600,390,0.001,12,0,0,362,0,0,0,400,27.6,22.59,0,0,0
715200,390,0.001,12,0,0,361,0,0,0,440,27.6,22.59,0,0,0
715800,390,0.001,12,0,0,361,0,0,0,450,27.6,22.59,0,0,0
716400,390,0.001,12,0,0,361,0,0,0,470,27.8,22.59,1,0,0
717000,390,0.001,12,0,0,360,0,0,1,480,27.8,22.59,1,0,0
717600,440,0.001,52,0,0,423,0,0,1,470,27.6,22.59,1,0,0
718200,510,0.001,52,0,0,442,24,24,1,480,28.2,22.59,1,0,0
718800,530,0.001,52,0,0,431,20,20,1,480,28,22.59,1,0,0
719400,520,0.001,52,0,0,426,22,22,1,450,28.8,22.59,1,0,0
720000,540,0.001,52,0,0,437,40,40,1,490,29.2,22.59,1,0,0
720600,520,0.001,52,0,0,416,23,23,1,470,28.6,22.59,1,0,0
721200,510,0.001,52,0,0,418,26,26,1,460,29.2,22.59,1,0,0
721800,540,0.001,52,0,0,421,22,22,1,460,29,22.59,1,0,0
722400,570,0.001,52,0,0,424,24,24,1,490,28.8,22.59,1,0,0
723000,590,0.001,52,0,0,422,24,24,1,530,28.4,22.59,1,0,0
723600,620,0.001,52,0,0,420,23,23,1,550,28.8,22.59,1,0,0
724200,620,0.001,52,0,0,446,26,26,1,570,29,22.59,1,0,0
724800,600,0.001,52,0,0,444,23,23,1,570,29,22.59,1,0,0
725400,560,0.001,52,0,0,421,25,25,1,580,29.6,22.59,1,0,0
726000,530,0.001,52,0,0,434,29,29,1,530,29.4,22.59,1,0,0
726600,520,0.001,52,0,0,429,24,24,0,480,29.8,22.59,1,0,0
727200,530,0.001,52,0,0,416,23,23,1,480,29,22.59,1,0,0
727800,470,0.1467,52,0,0,419,25,25,1,440,29.4,22.59,1,0,1
728400,440,0.1467,52,0,0,414,23,23,1,390,29.8,22.59,1,0,1
729000,450,0.1467,43,0,0,408,24,24,1,410,28.8,22.59,1,0,1
729600,450,0.2271,43,0,0,406,25,25,0,420,29,22.59,1,0,2
730200,440,0.2271,43,0,0,406,23,23,0,400,28.4,22.59,1,0,2
730800,480,0.2271,44,0,0,410,22,22,0,410,29,22.59,1,0,2
731400,490,0.2294,43,0,0,407,28,28,0,420,29,22.59,1,0,2
732000,470,0.2294,43,0,0,411,27,27,1,400,29,22.59,1,0,2
732600,470,0.2294,43,0,0,411,29,29,0,400,29.4,22.59,1,0,2
733200,480,0.2271,44,0,0,402,31,31,0,410,29.2,22.59,1,0,2
733800,460,0.2271,44,0,0,403,26,26,0,410,29.4,22.59,1,0,2
734400,470,0.2271,44,0,0,405,24,24,0,430,29,22.59,1,0,2
735000,470,0.2444,44,0,0,407,25,25,1,460,29.2,22.59,1,0,2
735600,480,0.2444,44,0,0,402,20,20,1,450,29.2,22.59,1,0,2
736200,480,0.2444,44,0,0,405,21,21,0,420,29.2,22.59,1,0,2
736800,500,0.2476,44,0,0,409,21,21,0,400,29,22.59,1,0,2
737400,490,0.2476,44,0,0,409,20,20,1,390,29.8,22.59,1,0,2
738000,480,0.2476,44,0,0,402,20,20,0,390,29.8,22.59,1,0,2
738600,480,0.1278,44,0,0,438,20,20,1,390,29.8,22.59,1,0,1
739200,500,0.1278,44,0,0,428,26,26,0,390,29.8,22.59,1,0,1
739800,510,0.1278,44,0,0,423,20,20,1,390,29.6,22.59,1,0,1
740400,510,0.0808,44,0,0,444,21,21,1,390,29.8,22.59,1,0,1
741000,520,0.0808,44,0,0,430,22,22,1,400,29.8,22.59,1,0,1
741600,520,0.0808,44,0,0,430,21,21,1,390,29.4,22.59,1,0,1
742200,520,0.0992,44,0,0,428,23,23,1,390,29.8,22.59,1,0,1
742800,480,0.0992,44,0,0,436,24,24,1,420,30,22.59,1,0,1
743400,520,0.0992,44,0,0,433,31,31,0,620,30,22.59,1,0,1
744000,560,0.0751,44,0,0,416,28,28,0,550,29.8,22.59,1,0,1
744600,540,0.0751,44,0,0,413,26,26,1,500,29.6,22.59,1,0,1
745200,530,0.0738,44,0,0,440,28,28,1,490,30,22.59,1,0,1
745800,570,0.0738,44,0,0,413,27,27,1,460,29,22.59,1,0,1
746400,570,0.0738,44,0,0,439,26,26,1,440,29.4,22.59,1,0,1
747000,560,0.0791,44,0,0,437,28,28,0,460,29.4,22.59,1,0,1
747600,550,0.0791,44,0,0,434,26,26,0,460,29.8,22.59,1,0,1
748200,530,0.0791,44,0,0,409,26,26,0,460,30,22.59,1,0,1
748800,520,0.0789,44,0,0,406,27,27,0,450,29.6,22.59,1,0,2
749400,500,0.0789,44,0,0,398,25,25,0,450,29.6,22.59,1,0,2
750000,500,0.0789,44,0,0,395,21,21,0,430,29.4,22.59,1,0,2
750600,480,0.0791,44,0,0,396,22,22,0,420,29.8,22.59,1,0,2
751200,480,0.0791,44,0,0,404,21,21,0,420,29.8,22.59,1,0,2
751800,470,0.0791,44,0,0,412,34,34,0,410,30,22.59,1,0,2
752400,470,0.0883,44,0,0,400,26,26,0,400,29.8,22.59,0,0,2
753000,460,0.0883,13,0,0,372,0,0,0,400,29.2,22.59,0,0,2
753600,460,0.0883,13,0,0,356,0,0,0,410,29,22.59,0,0,2
754200,460,0.0941,13,0,0,358,0,0,0,400,29,22.59,0,0,1
754800,450,0.0941,13,0,0,356,0,0,0,390,29,22.59,0,0,1
755400,450,0.0941,13,0,0,354,0,0,0,390,29,22.59,0,0,1
756000,440,0.0862,13,0,0,371,0,0,0,390,29,22.59,0,0,2
756600,440,0.0862,13,0,0,360,0,0,0,390,29,22.59,0,0,2
757200,430,0.0862,13,0,0,355,0,0,0,390,29,22.59,0,0,2
757800,430,0.1036,13,0,0,355,0,0,0,390,29,22.59,0,0,1
758400,430,0.1036,13,0,0,355,0,0,0,390,29,22.59,0,0,1
759000,420,0.1036,13,0,0,354,0,0,0,390,29,22.59,0,0,1
759600,420,0.0741,13,0,0,354,0,0,0,390,29,22.59,0,0,1
760200,420,0.0741,13,0,0,371,0,0,0,390,29,22.59,0,0,1
760800,420,0.0741,13,0,0,356,0,0,0,390,29,22.59,0,0,1
761400,420,0.0738,13,0,0,356,0,0,0,390,29,22.59,0,0,1
762000,420,0.0738,13,0,0,356,0,0,0,390,29,22.59,0,0,1
762600,420,0.0738,13,0,0,356,0,0,0,390,29,22.59,0,0,1
763200,420,0.001,13,0,0,356,0,0,0,390,29,22.59,0,0,0
763800,420,0.001,13,0,0,356,0,0,0,390,29,22.59,0,0,0
764400,420,0.001,13,0,0,356,0,0,0,390,29,22.59,0,0,0
765000,420,0.001,13,0,0,356,0,0,0,390,29,22.59,0,0,0
765600,420,0.001,13,0,0,356,0,0,0,390,29,22.59,0,0,0
766200,420,0.001,13,0,0,356,0,0,0,390,29,22.59,0,0,0
766800,420,0.001,13,0,0,356,0,0,0,390,29,22.59,0,0,0
767400,420,0.001,13,0,0,356,0,0,0,390,29,22.59,0,0,0
768000,420,0.001,13,0,0,356,0,0,0,390,29,22.59,0,0,0
768600,420,0.001,13,0,0,356,0,0,0,390,29,22.59,0,0,0
769200,420,0.001,13,0,0,356,0,0,0,390,29,22.59,0,0,0
769800,420,0.001,13,0,0,356,0,0,0,390,29,22.59,0,0,0
770400,420,0.001,13,0,0,356,0,0,0,390,29,22.59,0,0,0
771000,420,0.001,13,0,0,356,0,0,0,390,29,22.59,0,0,0
771600,420,0.001,13,0,0,356,0,0,0,390,29,22.59,0,0,0
772200,420,0.001,13,0,0,356,0,0,0,390,29,22.59,0,0,0
772800,420,0.001,13,0,0,356,0,0,0,390,29,22.59,0,0,0
773400,420,0.001,13,0,0,356,0,0,0,390,29,22.59,0,0,0
774000,420,0.001,13,0,0,356,0,0,0,390,29,22.59,0,0,0
774600,420,0.001,13,0,0,356,0,0,0,390,29,22.59,0,0,0
775200,420,0.001,13,0,0,356,0,0,0,390,29,22.59,0,0,0
775800,420,0.001,13,0,0,356,0,0,0,390,29,22.59,0,0,0
776400,420,0.001,13,0,0,356,0,0,0,390,29,22.59,0,0,0
777000,420,0.001,13,0,0,356,0,0,0,390,29,22.59,0,0,0
777600,390,0.001,13,0,0,356,0,0,0,390,28.4,22.59,0,0,0
778200,390,0.001,13,0,0,356,0,0,0,390,28.4,22.59,0,0,0
778800,390,0.001,13,0,0,356,0,0,0,390,28.4,22.59,0,0,0
779400,390,0.001,13,0,0,356,0,0,0,390,28.4,22.59,0,0,0
780000,390,0.001,13,0,0,356,0,0,0,390,28.4,22.59,0,0,0
780600,390,0.001,13,0,0,356,0,0,0,390,28.4,22.59,0,0,0
781200,390,0.001,13,0,0,357,0,0,0,390,28.4,22.59,0,0,0
781800,390,0.001,13,0,0,358,0,0,0,390,28.2,22.59,0,0,0
782400,390,0.001,13,0,0,357,0,0,0,390,28.2,22.59,0,0,0
783000,390,0.001,13,0,0,357,0,0,0,390,28.2,22.59,0,0,0
783600,390,0.001,13,0,0,357,0,0,0,390,28.2,22.59,0,0,0
784200,390,0.001,13,0,0,358,0,0,0,390,28.2,22.59,0,0,0
784800,390,0.001,13,0,0,357,0,0,0,390,28.2,22.59,0,0,0
785400,390,0.001,13,0,0,358,0,0,0,390,28,22.59,0,0,0
786000,390,0.001,13,0,0,358,0,0,0,390,28,22.59,0,0,0
786600,390,0.001,13,0,0,356,0,0,0,390,28,22.59,0,0,0
787200,390,0.001,13,0,0,357,0,0,0,390,28,22.59,0,0,0
787800,390,0.001,13,0,0,357,0,0,0,390,28,22.59,0,0,0
788400,390,0.001,13,0,0,357,0,0,0,390,28,22.59,0,0,0
789000,390,0.001,13,0,0,358,0,0,0,390,28,22.59,0,0,0
789600,390,0.001,13,0,0,357,0,0,0,400,28,22.59,0,0,0
790200,390,0.001,13,0,0,358,0,0,0,400,28,22.59,0,0,0
790800,390,0.001,13,0,0,358,0,0,0,400,27.8,22.59,0,0,0
791400,390,0.001,13,0,0,359,0,0,0,410,27.8,22.59,0,0,0
792000,390,0.001,13,0,0,358,0,0,0,410,28,22.59,0,0,0
792600,390,0.001,13,0,0,358,0,0,0,420,27.8,22.59,0,0,0
793200,390,0.001,13,0,0,358,0,0,0,420,28,22.59,0,0,0
793800,390,0.001,13,0,0,359,0,0,0,420,28,22.59,0,0,0
794400,390,0.001,13,0,0,357,0,0,0,420,27.8,22.59,0,0,0
795000,390,0.001,13,0,0,358,0,0,0,420,28,22.59,0,0,0
795600,390,0.001,13,0,0,359,0,0,0,420,27.8,22.59,0,0,0
796200,390,0.001,13,0,0,359,0,0,0,430,28,22.59,0,0,0
796800,390,0.001,13,0,0,368,0,0,0,430,28,22.59,0,0,0
797400,390,0.001,13,0,0,359,0,0,0,430,27.8,22.59,0,0,0
798000,390,0.001,13,0,0,359,0,0,0,430,28,22.59,0,0,0
798600,390,0.001,13,0,0,360,0,0,0,430,28,22.59,0,0,0
799200,390,0.001,13,0,0,360,0,0,0,430,28,22.59,0,0,0
799800,390,0.001,13,0,0,361,0,0,0,440,28.2,22.59,0,0,0
800400,390,0.001,13,0,0,359,0,0,0,450,28,22.59,0,0,0
801000,390,0.001,13,0,0,409,0,0,1,470,28.2,22.59,0,0,0
801600,390,0.001,13,0,0,413,0,0,1,460,28.2,22.59,0,0,0
802200,410,0.001,13,0,0,406,0,0,1,460,28.4,22.59,0,0,0
802800,390,0.001,13,0,0,402,0,0,0,480,28.6,22.59,0,0,0
803400,480,0.001,13,0,0,400,0,0,1,490,28.2,22.59,1,1,0
804000,540,0.001,13,0,0,395,0,0,1,490,28.2,22.59,1,1,0
804600,520,0.001,13,0,0,379,0,0,0,490,28.2,22.59,0,1,0
805200,500,0.001,13,0,0,376,0,0,0,490,28.2,22.59,0,1,0
805800,470,0.001,13,0,0,363,0,0,0,490,28,22.59,0,1,0
806400,410,0.001,13,0,0,363,0,0,0,480,28,22.59,0,1,0
807000,390,0.001,13,0,0,363,0,0,0,480,28,22.59,0,1,0
807600,390,0.001,13,0,0,363,0,0,1,480,28.4,22.59,0,1,0
808200,390,0.001,13,0,0,382,0,0,1,480,28.6,22.59,0,1,0
808800,420,0.001,45,0,0,382,0,0,1,480,28.8,22.59,0,1,0
809400,460,0.001,44,0,0,422,26,26,1,480,29.4,22.59,0,1,0
810000,550,0.001,44,0,0,413,19,19,1,480,29,22.59,0,1,0
810600,520,0.001,44,0,0,418,20,20,1,480,28.8,22.59,0,1,0
811200,480,0.001,44,0,0,405,20,20,0,510,29.4,22.59,0,1,0
811800,490,0.001,44,0,0,405,21,21,0,520,29.4,22.59,0,1,0
812400,480,0.0176,44,0,0,405,20,20,0,520,29.2,22.59,0,1,1
813000,440,0.0176,44,0,0,403,21,21,0,510,29.4,22.59,1,1,1
813600,450,0.0176,44,0,0,376,15,15,0,470,29.4,22.59,1,1,1
814200,470,0.0144,44,0,0,394,14,14,0,460,28.8,22.59,0,1,1
814800,430,0.0144,44,0,0,395,14,14,1,450,29,22.59,0,0,1
815400,450,0.0144,44,0,0,426,26,26,1,460,29.4,22.59,1,0,1
816000,470,0.0144,44,0,0,426,24,24,1,440,30,22.59,0,0,0
816600,500,0.0144,44,0,0,426,21,21,0,430,29.8,22.59,0,0,0
817200,520,0.0144,44,0,0,425,28,28,0,430,30,22.59,0,0,0
817800,540,0.0111,44,0,0,426,23,23,0,440,30,22.59,0,0,0
818400,550,0.0111,44,0,0,405,22,22,0,420,29.8,22.59,0,0,0
819000,560,0.0111,44,0,0,406,23,23,0,400,30.2,22.59,0,0,0
819600,570,0.0788,44,0,0,404,22,22,0,390,30.2,22.59,0,0,2
820200,580,0.0788,44,0,0,403,25,25,0,390,30.2,22.59,0,0,2
820800,590,0.0788,44,0,0,403,23,23,0,390,30,22.59,0,0,2
821400,590,0.0882,44,0,0,403,23,23,0,390,30,22.59,0,0,1
822000,610,0.0882,44,0,0,407,22,22,1,400,30.2,22.59,1,0,1
822600,620,0.0882,44,0,0,414,26,26,1,390,30,22.59,1,0,1
823200,610,0.0804,44,0,0,402,22,22,0,390,29.8,22.59,1,0,0
823800,520,0.0804,44,0,0,403,23,23,0,410,30.4,22.59,1,0,0
824400,480,0.0804,44,0,0,407,22,22,1,420,30.2,22.59,1,0,0
825000,450,0.0881,44,0,0,403,25,25,1,420,30.4,22.59,1,0,0
825600,450,0.0881,44,0,0,404,20,20,0,430,30,22.59,1,0,0
826200,460,0.0881,44,0,0,403,21,21,0,430,29.8,22.59,1,0,0
826800,440,0.0908,44,0,0,410,22,22,0,430,30.4,22.59,1,0,2
827400,420,0.0908,44,0,0,402,22,22,0,420,31,22.59,1,0,2
828000,430,0.0908,44,0,0,406,27,27,1,430,30.4,22.59,1,0,2
828600,430,0.0799,44,0,0,382,20,20,0,430,30.4,22.59,1,0,1
829200,450,0.0799,44,0,0,402,19,19,0,430,30.2,22.59,1,0,1
829800,440,0.0799,44,0,0,401,24,24,1,430,30.2,22.59,1,0,1
830400,430,0.0744,44,0,0,401,19,19,1,430,30.2,22.59,1,0,1
831000,430,0.0744,44,0,0,400,25,25,0,430,30.2,22.59,1,0,1
831600,440,0.0737,44,0,0,400,19,19,0,420,30.2,22.59,1,0,1
832200,430,0.0737,44,0,0,399,18,18,1,430,30.6,22.59,1,0,1
832800,450,0.0737,44,0,0,401,34,34,1,430,30,22.59,1,0,1
833400,450,0.0843,44,0,0,400,20,20,1,430,30,22.59,1,0,1
834000,450,0.0843,44,0,0,399,20,20,0,440,30,22.59,1,0,1
834600,450,0.0843,44,0,0,398,34,34,0,450,30,22.59,1,0,1
835200,450,0.0881,44,0,0,400,31,31,1,470,31,22.59,1,0,1
835800,470,0.0881,44,0,0,400,25,25,0,480,30.2,22.59,1,0,1
836400,480,0.0881,44,0,0,404,23,23,0,480,30.2,22.59,1,0,1
837000,460,0.0753,44,0,0,398,23,23,0,470,30.8,22.59,1,0,1
837600,470,0.0753,44,0,0,398,24,24,1,480,30.4,22.59,1,0,1
838200,470,0.0753,44,0,0,400,22,22,0,480,30.8,22.59,1,0,1
838800,470,0.0735,44,0,0,394,18,18,0,480,30.4,22.59,1,0,1
839400,470,0.0735,44,0,0,408,18,18,1,480,29.6,22.59,1,0,1
840000,480,0.0735,44,0,0,396,20,20,0,480,30.2,22.59,1,0,1
840600,480,0.0826,44,0,0,392,18,18,1,480,30.2,22.59,1,0,1
841200,470,0.0826,44,0,0,412,18,18,1,480,30.6,22.59,1,0,1
841800,480,0.0826,44,0,0,411,20,20,1,550,30.4,22.59,1,0,1
842400,480,0.073,44,0,0,396,18,18,1,550,30.4,22.59,1,0,1
843000,480,0.073,44,0,0,396,21,21,1,540,31.2,22.59,0,0,1
843600,480,0.073,44,0,0,368,20,20,0,540,30.4,22.59,0,0,1
844200,480,0.0746,13,0,0,358,0,0,0,550,30,22.59,0,0,1
844800,480,0.0746,13,0,0,356,0,0,0,530,29.8,22.59,0,0,1
845400,480,0.0746,13,0,0,355,0,0,0,510,29.8,22.59,0,0,1
846000,480,0.074,13,0,0,355,0,0,0,490,29.8,22.59,0,0,1
846600,470,0.074,13,0,0,354,0,0,0,470,29.8,22.59,0,0,1
847200,460,0.074,13,0,0,356,0,0,0,450,29.8,22.59,0,0,1
847800,450,0.0752,13,0,0,357,0,0,0,430,30,28.71,0,0,1
848400,450,0.0752,13,0,0,355,0,0,0,420,29.8,28.71,0,0,1
849000,450,0.0752,13,0,0,355,0,0,0,420,29.8,28.71,0,0,1
849600,450,0.0727,13,0,0,356,0,0,0,410,29.8,28.71,0,0,1
850200,440,0.0727,13,0,0,359,0,0,0,400,29.8,28.71,0,0,1
850800,430,0.0727,13,0,0,355,0,0,0,400,29.8,28.71,0,0,1
851400,420,0.0731,13,0,0,356,0,0,0,400,29.8,28.71,0,0,1
852000,420,0.0731,13,0,0,355,0,0,0,400,29.8,28.71,0,0,1
852600,420,0.0731,13,0,0,354,0,0,0,400,29.8,28.71,0,0,1
853200,420,0.0688,13,0,0,354,0,0,0,390,29.8,28.71,0,0,1
853800,410,0.0688,13,0,0,371,0,0,0,390,29.8,28.71,0,0,1
854400,410,0.0688,13,0,0,355,0,0,0,390,29.8,28.71,0,0,1
855000,410,0.001,13,0,0,356,0,0,0,390,29.8,28.71,0,0,0
855600,410,0.001,13,0,0,354,0,0,0,390,29.8,28.71,0,0,0
856200,410,0.001,13,0,0,356,0,0,0,390,29.6,28.71,0,0,0
856800,410,0.001,13,0,0,355,0,0,0,390,29.6,28.71,0,0,0
857400,400,0.001,13,0,0,358,0,0,0,390,29.6,28.71,0,0,0
858000,400,0.001,13,0,0,354,0,0,0,390,29.6,28.71,0,0,0
858600,400,0.001,13,0,0,355,0,0,0,390,29.8,28.71,0,0,0
859200,390,0.001,13,0,0,372,0,0,0,390,29.6,28.71,0,0,0
859800,390,0.001,13,0,0,356,0,0,0,390,29.6,28.71,0,0,0
860400,390,0.001,13,0,0,357,0,0,0,390,29.6,28.71,0,0,0
861000,390,0.001,13,0,0,356,0,0,0,390,29.6,28.71,0,0,0
861600,390,0.001,13,0,0,355,0,0,0,390,29.6,28.71,0,0,0
862200,390,0.001,13,0,0,355,0,0,0,390,29.6,28.71,0,0,0
862800,390,0.001,13,0,0,356,0,0,0,390,29.4,28.71,0,0,0
863400,390,0.001,13,0,0,356,0,0,0,390,29.6,28.71,0,0,0
